Workbook

Sheet 2024 Summary
A1: Month | B1: Total Invested | C1: Number of Companies | D1: Asset Manager | G1: Blacklist
D2: Danske Bank | E2: Jyske Bank | F2: SEB | G2: UN | H2: AFSC | I2: WhoProfits
A3: 45292 | B3: =Jan!N13 -> 0 | C3: =COUNTIF(Jan!G2:G150,"*") -> 0 | D3: =Jan!O8 -> 0 | E3: =Jan!O9 -> 0 | F3: =Jan!O10 -> 0 | G3: =Jan!O3 -> 0 | H3: =Jan!O4 -> 0 | I3: =Jan!O5 -> 0 | AA3: =Jan!G2 -> 0
A4: =A3+31 -> 45323 | B4: =Feb!N13 -> 0 | C4: =COUNTIF(Feb!G2:G150,"*") -> 0 | D4: =Feb!O8 -> 0 | E4: =Feb!O9 -> 0 | F4: =Feb!O10 -> 0 | G4: =Feb!O3 -> 0 | H4: =Feb!O4 -> 0 | I4: =Feb!O5 -> 0 | AA4: =Jan!G3 -> 0
A5: =A4+31 -> 45354 | B5: =Mar!N13 -> 0 | C5: =COUNTIF(Mar!G2:G150,"*") -> 0 | D5: =Mar!O8 -> 0 | E5: =Mar!O9 -> 0 | F5: =Mar!O10 -> 0 | G5: =Mar!O3 -> 0 | H5: =Mar!O4 -> 0 | I5: =Mar!O5 -> 0 | AA5: =Jan!G4 -> 0
A6: =A5+31 -> 45385 | B6: =Apr!N13 -> 0 | C6: =COUNTIF(Apr!G2:G150,"*") -> 0 | D6: =Apr!O8 -> 0 | E6: =Apr!O9 -> 0 | F6: =Apr!O10 -> 0 | G6: =Apr!O3 -> 0 | H6: =Apr!O4 -> 0 | I6: =Apr!O5 -> 0 | AA6: =Jan!G5 -> 0
A7: =A6+31 -> 45416 | B7: =May!N13 -> 0 | C7: =COUNTIF(May!G2:G150,"*") -> 0 | D7: =May!O8 -> 0 | E7: =May!O9 -> 0 | F7: =May!O10 -> 0 | G7: =May!O3 -> 0 | H7: =May!O4 -> 0 | I7: =May!O5 -> 0 | AA7: =Jan!G6 -> 0
A8: =A7+31 -> 45447 | B8: =Jun!N13 -> 0 | C8: =COUNTIF(Jun!G2:G150,"*") -> 0 | D8: =Jun!O8 -> 0 | E8: =Jun!O9 -> 0 | F8: =Jun!O10 -> 0 | G8: =Jun!O3 -> 0 | H8: =Jun!O4 -> 0 | I8: =Jun!O5 -> 0 | AA8: =Jan!G7 -> 0
A9: =A8+31 -> 45478 | B9: =Jul!N13 -> 0 | C9: =COUNTIF(Jul!G2:G150,"*") -> 0 | D9: =Jul!O8 -> 0 | E9: =Jul!O9 -> 0 | F9: =Jul!O10 -> 0 | G9: =Jul!O3 -> 0 | H9: =Jul!O4 -> 0 | I9: =Jul!O5 -> 0 | AA9: =Jan!G8 -> 0
A10: =A9+31 -> 45509 | B10: =Aug!N13 -> 0 | C10: =COUNTIF(Aug!G2:G150,"*") -> 0 | D10: =Aug!O8 -> 0 | E10: =Aug!O9 -> 0 | F10: =Aug!O10 -> 0 | G10: =Aug!O3 -> 0 | H10: =Aug!O4 -> 0 | I10: =Aug!O5 -> 0 | AA10: =Jan!G9 -> 0
A11: =A10+31 -> 45540 | B11: =Sep!N13 -> 0 | C11: =COUNTIF(Sep!G2:G150,"*") -> 0 | D11: =Sep!O8 -> 0 | E11: =Sep!O9 -> 0 | F11: =Sep!O10 -> 0 | G11: =Sep!O3 -> 0 | H11: =Sep!O4 -> 0 | I11: =Sep!O5 -> 0 | AA11: =Jan!G10 -> 0
A12: =A11+31 -> 45571 | B12: =Oct!N13 -> 0 | C12: =COUNTIF(Oct!G2:G150,"*") -> 0 | D12: =Oct!O8 -> 0 | E12: =Oct!O9 -> 0 | F12: =Oct!O10 -> 0 | G12: =Oct!O3 -> 0 | H12: =Oct!O4 -> 0 | I12: =Oct!O5 -> 0 | AA12: =Jan!G11 -> 0
A13: =A12+31 -> 45602 | B13: =Nov!N13 -> 0 | C13: =COUNTIF(Nov!G2:G150,"*") -> 0 | D13: =Nov!O8 -> 0 | E13: =Nov!O9 -> 0 | F13: =Nov!O10 -> 0 | G13: =Nov!O3 -> 0 | H13: =Nov!O4 -> 0 | I13: =Nov!O5 -> 0 | AA13: =Jan!G12 -> 0
A14: =A13+31 -> 45633 | B14: =Dec!N13 -> 0 | C14: =COUNTIF(Dec!G2:G150,"*") -> 0 | D14: =Dec!O8 -> 0 | E14: =Dec!O9 -> 0 | F14: =Dec!O10 -> 0 | G14: =Dec!O3 -> 0 | H14: =Dec!O4 -> 0 | I14: =Dec!O5 -> 0 | AA14: =Jan!G13 -> 0
A15: Average | B15: =SUM(B3:B14)/COUNTIF(B3:B14,">0") -> #DIV/0! | AA15: =Jan!G14 -> 0
A16: Companies | B16: =COUNTIF(A18:A1000,"*") -> 0 | AA16: =Jan!G15 -> 0
AA17: =Jan!G16 -> 0
A18: {=_xlfn._xlws.SORT(_xlfn.UNIQUE(AA:AA))} -> 0 | B18: =A3 -> 45292 | C18: =A4 -> 45323 | D18: =A5 -> 45354 | E18: =A6 -> 45385 | F18: =A7 -> 45416 | G18: =A8 -> 45447 | H18: =A9 -> 45478 | I18: =A10 -> 45509 | J18: =A11 -> 45540 | K18: =A12 -> 45571 | L18: =A13 -> 45602 | M18: =A14 -> 45633 | AA18: =Jan!G17 -> 0
A19: 0 | B19: =SUMIF(Jan!$G$2:$G$1000,'2024 Summary'!A19,Jan!$H$2:$H$1000) -> 0 | C19: =SUMIF(Feb!$G$2:$G$1000,'2024 Summary'!A19,Feb!$H$2:$H$1000) -> 0 | D19: =SUMIF(Mar!$G$2:$G$1000,'2024 Summary'!A19,Mar!$H$2:$H$1000) -> 0 | E19: =SUMIF(Apr!$G$2:$G$1000,'2024 Summary'!A19,Apr!$H$2:$H$1000) -> 0 | F19: =SUMIF(May!$G$2:$G$1000,'2024 Summary'!A19,May!$H$2:$H$1000) -> 0 | G19: =SUMIF(Jun!$G$2:$G$1000,'2024 Summary'!A19,Jun!$H$2:$H$1000) -> 0 | H19: =SUMIF(Jul!$G$2:$G$1000,'2024 Summary'!A19,Jul!$H$2:$H$1000) -> 0 | I19: =SUMIF(Aug!$G$2:$G$1000,'2024 Summary'!A19,Aug!$H$2:$H$1000) -> 0 | J19: =SUMIF(Sep!$G$2:$G$1000,'2024 Summary'!A19,Sep!$H$2:$H$1000) -> 0 | K19: =SUMIF(Oct!$G$2:$G$1000,'2024 Summary'!A19,Oct!$H$2:$H$1000) -> 0 | L19: =SUMIF(Nov!$G$2:$G$1000,'2024 Summary'!A19,Nov!$H$2:$H$1000) -> 0 | M19: =SUMIF(Dec!$G$2:$G$1000,'2024 Summary'!A19,Dec!$H$2:$H$1000) -> 0 | AA19: =Jan!G18 -> 0
B20: =SUMIF(Jan!$G$2:$G$1000,'2024 Summary'!A20,Jan!$H$2:$H$1000) -> 0 | C20: =SUMIF(Feb!$G$2:$G$1000,'2024 Summary'!A20,Feb!$H$2:$H$1000) -> 0 | D20: =SUMIF(Mar!$G$2:$G$1000,'2024 Summary'!A20,Mar!$H$2:$H$1000) -> 0 | E20: =SUMIF(Apr!$G$2:$G$1000,'2024 Summary'!A20,Apr!$H$2:$H$1000) -> 0 | F20: =SUMIF(May!$G$2:$G$1000,'2024 Summary'!A20,May!$H$2:$H$1000) -> 0 | G20: =SUMIF(Jun!$G$2:$G$1000,'2024 Summary'!A20,Jun!$H$2:$H$1000) -> 0 | H20: =SUMIF(Jul!$G$2:$G$1000,'2024 Summary'!A20,Jul!$H$2:$H$1000) -> 0 | I20: =SUMIF(Aug!$G$2:$G$1000,'2024 Summary'!A20,Aug!$H$2:$H$1000) -> 0 | J20: =SUMIF(Sep!$G$2:$G$1000,'2024 Summary'!A20,Sep!$H$2:$H$1000) -> 0 | K20: =SUMIF(Oct!$G$2:$G$1000,'2024 Summary'!A20,Oct!$H$2:$H$1000) -> 0 | L20: =SUMIF(Nov!$G$2:$G$1000,'2024 Summary'!A20,Nov!$H$2:$H$1000) -> 0 | M20: =SUMIF(Dec!$G$2:$G$1000,'2024 Summary'!A20,Dec!$H$2:$H$1000) -> 0 | AA20: =Jan!G19 -> 0
B21: =SUMIF(Jan!$G$2:$G$1000,'2024 Summary'!A21,Jan!$H$2:$H$1000) -> 0 | C21: =SUMIF(Feb!$G$2:$G$1000,'2024 Summary'!A21,Feb!$H$2:$H$1000) -> 0 | D21: =SUMIF(Mar!$G$2:$G$1000,'2024 Summary'!A21,Mar!$H$2:$H$1000) -> 0 | E21: =SUMIF(Apr!$G$2:$G$1000,'2024 Summary'!A21,Apr!$H$2:$H$1000) -> 0 | F21: =SUMIF(May!$G$2:$G$1000,'2024 Summary'!A21,May!$H$2:$H$1000) -> 0 | G21: =SUMIF(Jun!$G$2:$G$1000,'2024 Summary'!A21,Jun!$H$2:$H$1000) -> 0 | H21: =SUMIF(Jul!$G$2:$G$1000,'2024 Summary'!A21,Jul!$H$2:$H$1000) -> 0 | I21: =SUMIF(Aug!$G$2:$G$1000,'2024 Summary'!A21,Aug!$H$2:$H$1000) -> 0 | J21: =SUMIF(Sep!$G$2:$G$1000,'2024 Summary'!A21,Sep!$H$2:$H$1000) -> 0 | K21: =SUMIF(Oct!$G$2:$G$1000,'2024 Summary'!A21,Oct!$H$2:$H$1000) -> 0 | L21: =SUMIF(Nov!$G$2:$G$1000,'2024 Summary'!A21,Nov!$H$2:$H$1000) -> 0 | M21: =SUMIF(Dec!$G$2:$G$1000,'2024 Summary'!A21,Dec!$H$2:$H$1000) -> 0 | AA21: =Jan!G20 -> 0
B22: =SUMIF(Jan!$G$2:$G$1000,'2024 Summary'!A22,Jan!$H$2:$H$1000) -> 0 | C22: =SUMIF(Feb!$G$2:$G$1000,'2024 Summary'!A22,Feb!$H$2:$H$1000) -> 0 | D22: =SUMIF(Mar!$G$2:$G$1000,'2024 Summary'!A22,Mar!$H$2:$H$1000) -> 0 | E22: =SUMIF(Apr!$G$2:$G$1000,'2024 Summary'!A22,Apr!$H$2:$H$1000) -> 0 | F22: =SUMIF(May!$G$2:$G$1000,'2024 Summary'!A22,May!$H$2:$H$1000) -> 0 | G22: =SUMIF(Jun!$G$2:$G$1000,'2024 Summary'!A22,Jun!$H$2:$H$1000) -> 0 | H22: =SUMIF(Jul!$G$2:$G$1000,'2024 Summary'!A22,Jul!$H$2:$H$1000) -> 0 | I22: =SUMIF(Aug!$G$2:$G$1000,'2024 Summary'!A22,Aug!$H$2:$H$1000) -> 0 | J22: =SUMIF(Sep!$G$2:$G$1000,'2024 Summary'!A22,Sep!$H$2:$H$1000) -> 0 | K22: =SUMIF(Oct!$G$2:$G$1000,'2024 Summary'!A22,Oct!$H$2:$H$1000) -> 0 | L22: =SUMIF(Nov!$G$2:$G$1000,'2024 Summary'!A22,Nov!$H$2:$H$1000) -> 0 | M22: =SUMIF(Dec!$G$2:$G$1000,'2024 Summary'!A22,Dec!$H$2:$H$1000) -> 0 | AA22: =Jan!G21 -> 0
B23: =SUMIF(Jan!$G$2:$G$1000,'2024 Summary'!A23,Jan!$H$2:$H$1000) -> 0 | C23: =SUMIF(Feb!$G$2:$G$1000,'2024 Summary'!A23,Feb!$H$2:$H$1000) -> 0 | D23: =SUMIF(Mar!$G$2:$G$1000,'2024 Summary'!A23,Mar!$H$2:$H$1000) -> 0 | E23: =SUMIF(Apr!$G$2:$G$1000,'2024 Summary'!A23,Apr!$H$2:$H$1000) -> 0 | F23: =SUMIF(May!$G$2:$G$1000,'2024 Summary'!A23,May!$H$2:$H$1000) -> 0 | G23: =SUMIF(Jun!$G$2:$G$1000,'2024 Summary'!A23,Jun!$H$2:$H$1000) -> 0 | H23: =SUMIF(Jul!$G$2:$G$1000,'2024 Summary'!A23,Jul!$H$2:$H$1000) -> 0 | I23: =SUMIF(Aug!$G$2:$G$1000,'2024 Summary'!A23,Aug!$H$2:$H$1000) -> 0 | J23: =SUMIF(Sep!$G$2:$G$1000,'2024 Summary'!A23,Sep!$H$2:$H$1000) -> 0 | K23: =SUMIF(Oct!$G$2:$G$1000,'2024 Summary'!A23,Oct!$H$2:$H$1000) -> 0 | L23: =SUMIF(Nov!$G$2:$G$1000,'2024 Summary'!A23,Nov!$H$2:$H$1000) -> 0 | M23: =SUMIF(Dec!$G$2:$G$1000,'2024 Summary'!A23,Dec!$H$2:$H$1000) -> 0 | AA23: =Jan!G22 -> 0
B24: =SUMIF(Jan!$G$2:$G$1000,'2024 Summary'!A24,Jan!$H$2:$H$1000) -> 0 | C24: =SUMIF(Feb!$G$2:$G$1000,'2024 Summary'!A24,Feb!$H$2:$H$1000) -> 0 | D24: =SUMIF(Mar!$G$2:$G$1000,'2024 Summary'!A24,Mar!$H$2:$H$1000) -> 0 | E24: =SUMIF(Apr!$G$2:$G$1000,'2024 Summary'!A24,Apr!$H$2:$H$1000) -> 0 | F24: =SUMIF(May!$G$2:$G$1000,'2024 Summary'!A24,May!$H$2:$H$1000) -> 0 | G24: =SUMIF(Jun!$G$2:$G$1000,'2024 Summary'!A24,Jun!$H$2:$H$1000) -> 0 | H24: =SUMIF(Jul!$G$2:$G$1000,'2024 Summary'!A24,Jul!$H$2:$H$1000) -> 0 | I24: =SUMIF(Aug!$G$2:$G$1000,'2024 Summary'!A24,Aug!$H$2:$H$1000) -> 0 | J24: =SUMIF(Sep!$G$2:$G$1000,'2024 Summary'!A24,Sep!$H$2:$H$1000) -> 0 | K24: =SUMIF(Oct!$G$2:$G$1000,'2024 Summary'!A24,Oct!$H$2:$H$1000) -> 0 | L24: =SUMIF(Nov!$G$2:$G$1000,'2024 Summary'!A24,Nov!$H$2:$H$1000) -> 0 | M24: =SUMIF(Dec!$G$2:$G$1000,'2024 Summary'!A24,Dec!$H$2:$H$1000) -> 0 | AA24: =Jan!G23 -> 0
B25: =SUMIF(Jan!$G$2:$G$1000,'2024 Summary'!A25,Jan!$H$2:$H$1000) -> 0 | C25: =SUMIF(Feb!$G$2:$G$1000,'2024 Summary'!A25,Feb!$H$2:$H$1000) -> 0 | D25: =SUMIF(Mar!$G$2:$G$1000,'2024 Summary'!A25,Mar!$H$2:$H$1000) -> 0 | E25: =SUMIF(Apr!$G$2:$G$1000,'2024 Summary'!A25,Apr!$H$2:$H$1000) -> 0 | F25: =SUMIF(May!$G$2:$G$1000,'2024 Summary'!A25,May!$H$2:$H$1000) -> 0 | G25: =SUMIF(Jun!$G$2:$G$1000,'2024 Summary'!A25,Jun!$H$2:$H$1000) -> 0 | H25: =SUMIF(Jul!$G$2:$G$1000,'2024 Summary'!A25,Jul!$H$2:$H$1000) -> 0 | I25: =SUMIF(Aug!$G$2:$G$1000,'2024 Summary'!A25,Aug!$H$2:$H$1000) -> 0 | J25: =SUMIF(Sep!$G$2:$G$1000,'2024 Summary'!A25,Sep!$H$2:$H$1000) -> 0 | K25: =SUMIF(Oct!$G$2:$G$1000,'2024 Summary'!A25,Oct!$H$2:$H$1000) -> 0 | L25: =SUMIF(Nov!$G$2:$G$1000,'2024 Summary'!A25,Nov!$H$2:$H$1000) -> 0 | M25: =SUMIF(Dec!$G$2:$G$1000,'2024 Summary'!A25,Dec!$H$2:$H$1000) -> 0 | AA25: =Jan!G24 -> 0
B26: =SUMIF(Jan!$G$2:$G$1000,'2024 Summary'!A26,Jan!$H$2:$H$1000) -> 0 | C26: =SUMIF(Feb!$G$2:$G$1000,'2024 Summary'!A26,Feb!$H$2:$H$1000) -> 0 | D26: =SUMIF(Mar!$G$2:$G$1000,'2024 Summary'!A26,Mar!$H$2:$H$1000) -> 0 | E26: =SUMIF(Apr!$G$2:$G$1000,'2024 Summary'!A26,Apr!$H$2:$H$1000) -> 0 | F26: =SUMIF(May!$G$2:$G$1000,'2024 Summary'!A26,May!$H$2:$H$1000) -> 0 | G26: =SUMIF(Jun!$G$2:$G$1000,'2024 Summary'!A26,Jun!$H$2:$H$1000) -> 0 | H26: =SUMIF(Jul!$G$2:$G$1000,'2024 Summary'!A26,Jul!$H$2:$H$1000) -> 0 | I26: =SUMIF(Aug!$G$2:$G$1000,'2024 Summary'!A26,Aug!$H$2:$H$1000) -> 0 | J26: =SUMIF(Sep!$G$2:$G$1000,'2024 Summary'!A26,Sep!$H$2:$H$1000) -> 0 | K26: =SUMIF(Oct!$G$2:$G$1000,'2024 Summary'!A26,Oct!$H$2:$H$1000) -> 0 | L26: =SUMIF(Nov!$G$2:$G$1000,'2024 Summary'!A26,Nov!$H$2:$H$1000) -> 0 | M26: =SUMIF(Dec!$G$2:$G$1000,'2024 Summary'!A26,Dec!$H$2:$H$1000) -> 0 | AA26: =Jan!G25 -> 0
B27: =SUMIF(Jan!$G$2:$G$1000,'2024 Summary'!A27,Jan!$H$2:$H$1000) -> 0 | C27: =SUMIF(Feb!$G$2:$G$1000,'2024 Summary'!A27,Feb!$H$2:$H$1000) -> 0 | D27: =SUMIF(Mar!$G$2:$G$1000,'2024 Summary'!A27,Mar!$H$2:$H$1000) -> 0 | E27: =SUMIF(Apr!$G$2:$G$1000,'2024 Summary'!A27,Apr!$H$2:$H$1000) -> 0 | F27: =SUMIF(May!$G$2:$G$1000,'2024 Summary'!A27,May!$H$2:$H$1000) -> 0 | G27: =SUMIF(Jun!$G$2:$G$1000,'2024 Summary'!A27,Jun!$H$2:$H$1000) -> 0 | H27: =SUMIF(Jul!$G$2:$G$1000,'2024 Summary'!A27,Jul!$H$2:$H$1000) -> 0 | I27: =SUMIF(Aug!$G$2:$G$1000,'2024 Summary'!A27,Aug!$H$2:$H$1000) -> 0 | J27: =SUMIF(Sep!$G$2:$G$1000,'2024 Summary'!A27,Sep!$H$2:$H$1000) -> 0 | K27: =SUMIF(Oct!$G$2:$G$1000,'2024 Summary'!A27,Oct!$H$2:$H$1000) -> 0 | L27: =SUMIF(Nov!$G$2:$G$1000,'2024 Summary'!A27,Nov!$H$2:$H$1000) -> 0 | M27: =SUMIF(Dec!$G$2:$G$1000,'2024 Summary'!A27,Dec!$H$2:$H$1000) -> 0 | AA27: =Jan!G26 -> 0
B28: =SUMIF(Jan!$G$2:$G$1000,'2024 Summary'!A28,Jan!$H$2:$H$1000) -> 0 | C28: =SUMIF(Feb!$G$2:$G$1000,'2024 Summary'!A28,Feb!$H$2:$H$1000) -> 0 | D28: =SUMIF(Mar!$G$2:$G$1000,'2024 Summary'!A28,Mar!$H$2:$H$1000) -> 0 | E28: =SUMIF(Apr!$G$2:$G$1000,'2024 Summary'!A28,Apr!$H$2:$H$1000) -> 0 | F28: =SUMIF(May!$G$2:$G$1000,'2024 Summary'!A28,May!$H$2:$H$1000) -> 0 | G28: =SUMIF(Jun!$G$2:$G$1000,'2024 Summary'!A28,Jun!$H$2:$H$1000) -> 0 | H28: =SUMIF(Jul!$G$2:$G$1000,'2024 Summary'!A28,Jul!$H$2:$H$1000) -> 0 | I28: =SUMIF(Aug!$G$2:$G$1000,'2024 Summary'!A28,Aug!$H$2:$H$1000) -> 0 | J28: =SUMIF(Sep!$G$2:$G$1000,'2024 Summary'!A28,Sep!$H$2:$H$1000) -> 0 | K28: =SUMIF(Oct!$G$2:$G$1000,'2024 Summary'!A28,Oct!$H$2:$H$1000) -> 0 | L28: =SUMIF(Nov!$G$2:$G$1000,'2024 Summary'!A28,Nov!$H$2:$H$1000) -> 0 | M28: =SUMIF(Dec!$G$2:$G$1000,'2024 Summary'!A28,Dec!$H$2:$H$1000) -> 0 | AA28: =Jan!G27 -> 0
B29: =SUMIF(Jan!$G$2:$G$1000,'2024 Summary'!A29,Jan!$H$2:$H$1000) -> 0 | C29: =SUMIF(Feb!$G$2:$G$1000,'2024 Summary'!A29,Feb!$H$2:$H$1000) -> 0 | D29: =SUMIF(Mar!$G$2:$G$1000,'2024 Summary'!A29,Mar!$H$2:$H$1000) -> 0 | E29: =SUMIF(Apr!$G$2:$G$1000,'2024 Summary'!A29,Apr!$H$2:$H$1000) -> 0 | F29: =SUMIF(May!$G$2:$G$1000,'2024 Summary'!A29,May!$H$2:$H$1000) -> 0 | G29: =SUMIF(Jun!$G$2:$G$1000,'2024 Summary'!A29,Jun!$H$2:$H$1000) -> 0 | H29: =SUMIF(Jul!$G$2:$G$1000,'2024 Summary'!A29,Jul!$H$2:$H$1000) -> 0 | I29: =SUMIF(Aug!$G$2:$G$1000,'2024 Summary'!A29,Aug!$H$2:$H$1000) -> 0 | J29: =SUMIF(Sep!$G$2:$G$1000,'2024 Summary'!A29,Sep!$H$2:$H$1000) -> 0 | K29: =SUMIF(Oct!$G$2:$G$1000,'2024 Summary'!A29,Oct!$H$2:$H$1000) -> 0 | L29: =SUMIF(Nov!$G$2:$G$1000,'2024 Summary'!A29,Nov!$H$2:$H$1000) -> 0 | M29: =SUMIF(Dec!$G$2:$G$1000,'2024 Summary'!A29,Dec!$H$2:$H$1000) -> 0 | AA29: =Jan!G28 -> 0
B30: =SUMIF(Jan!$G$2:$G$1000,'2024 Summary'!A30,Jan!$H$2:$H$1000) -> 0 | C30: =SUMIF(Feb!$G$2:$G$1000,'2024 Summary'!A30,Feb!$H$2:$H$1000) -> 0 | D30: =SUMIF(Mar!$G$2:$G$1000,'2024 Summary'!A30,Mar!$H$2:$H$1000) -> 0 | E30: =SUMIF(Apr!$G$2:$G$1000,'2024 Summary'!A30,Apr!$H$2:$H$1000) -> 0 | F30: =SUMIF(May!$G$2:$G$1000,'2024 Summary'!A30,May!$H$2:$H$1000) -> 0 | G30: =SUMIF(Jun!$G$2:$G$1000,'2024 Summary'!A30,Jun!$H$2:$H$1000) -> 0 | H30: =SUMIF(Jul!$G$2:$G$1000,'2024 Summary'!A30,Jul!$H$2:$H$1000) -> 0 | I30: =SUMIF(Aug!$G$2:$G$1000,'2024 Summary'!A30,Aug!$H$2:$H$1000) -> 0 | J30: =SUMIF(Sep!$G$2:$G$1000,'2024 Summary'!A30,Sep!$H$2:$H$1000) -> 0 | K30: =SUMIF(Oct!$G$2:$G$1000,'2024 Summary'!A30,Oct!$H$2:$H$1000) -> 0 | L30: =SUMIF(Nov!$G$2:$G$1000,'2024 Summary'!A30,Nov!$H$2:$H$1000) -> 0 | M30: =SUMIF(Dec!$G$2:$G$1000,'2024 Summary'!A30,Dec!$H$2:$H$1000) -> 0 | AA30: =Jan!G29 -> 0
B31: =SUMIF(Jan!$G$2:$G$1000,'2024 Summary'!A31,Jan!$H$2:$H$1000) -> 0 | C31: =SUMIF(Feb!$G$2:$G$1000,'2024 Summary'!A31,Feb!$H$2:$H$1000) -> 0 | D31: =SUMIF(Mar!$G$2:$G$1000,'2024 Summary'!A31,Mar!$H$2:$H$1000) -> 0 | E31: =SUMIF(Apr!$G$2:$G$1000,'2024 Summary'!A31,Apr!$H$2:$H$1000) -> 0 | F31: =SUMIF(May!$G$2:$G$1000,'2024 Summary'!A31,May!$H$2:$H$1000) -> 0 | G31: =SUMIF(Jun!$G$2:$G$1000,'2024 Summary'!A31,Jun!$H$2:$H$1000) -> 0 | H31: =SUMIF(Jul!$G$2:$G$1000,'2024 Summary'!A31,Jul!$H$2:$H$1000) -> 0 | I31: =SUMIF(Aug!$G$2:$G$1000,'2024 Summary'!A31,Aug!$H$2:$H$1000) -> 0 | J31: =SUMIF(Sep!$G$2:$G$1000,'2024 Summary'!A31,Sep!$H$2:$H$1000) -> 0 | K31: =SUMIF(Oct!$G$2:$G$1000,'2024 Summary'!A31,Oct!$H$2:$H$1000) -> 0 | L31: =SUMIF(Nov!$G$2:$G$1000,'2024 Summary'!A31,Nov!$H$2:$H$1000) -> 0 | M31: =SUMIF(Dec!$G$2:$G$1000,'2024 Summary'!A31,Dec!$H$2:$H$1000) -> 0 | AA31: =Jan!G30 -> 0
... B98: =SUMIF(Jan!$G$2:$G$1000,'2024 Summary'!A98,Jan!$H$2:$H$1000) -> 0 | C98: =SUMIF(Feb!$G$2:$G$1000,'2024 Summary'!A98,Feb!$H$2:$H$1000) -> 0 | D98: =SUMIF(Mar!$G$2:$G$1000,'2024 Summary'!A98,Mar!$H$2:$H$1000) -> 0 | E98: =SUMIF(Apr!$G$2:$G$1000,'2024 Summary'!A98,Apr!$H$2:$H$1000) -> 0 | F98: =SUMIF(May!$G$2:$G$1000,'2024 Summary'!A98,May!$H$2:$H$1000) -> 0 | G98: =SUMIF(Jun!$G$2:$G$1000,'2024 Summary'!A98,Jun!$H$2:$H$1000) -> 0 | H98: =SUMIF(Jul!$G$2:$G$1000,'2024 Summary'!A98,Jul!$H$2:$H$1000) -> 0 | I98: =SUMIF(Aug!$G$2:$G$1000,'2024 Summary'!A98,Aug!$H$2:$H$1000) -> 0 | J98: =SUMIF(Sep!$G$2:$G$1000,'2024 Summary'!A98,Sep!$H$2:$H$1000) -> 0 | K98: =SUMIF(Oct!$G$2:$G$1000,'2024 Summary'!A98,Oct!$H$2:$H$1000) -> 0 | L98: =SUMIF(Nov!$G$2:$G$1000,'2024 Summary'!A98,Nov!$H$2:$H$1000) -> 0 | M98: =SUMIF(Dec!$G$2:$G$1000,'2024 Summary'!A98,Dec!$H$2:$H$1000) -> 0 | AA98: =Jan!G97 -> 0
B99: =SUMIF(Jan!$G$2:$G$1000,'2024 Summary'!A99,Jan!$H$2:$H$1000) -> 0 | C99: =SUMIF(Feb!$G$2:$G$1000,'2024 Summary'!A99,Feb!$H$2:$H$1000) -> 0 | D99: =SUMIF(Mar!$G$2:$G$1000,'2024 Summary'!A99,Mar!$H$2:$H$1000) -> 0 | E99: =SUMIF(Apr!$G$2:$G$1000,'2024 Summary'!A99,Apr!$H$2:$H$1000) -> 0 | F99: =SUMIF(May!$G$2:$G$1000,'2024 Summary'!A99,May!$H$2:$H$1000) -> 0 | G99: =SUMIF(Jun!$G$2:$G$1000,'2024 Summary'!A99,Jun!$H$2:$H$1000) -> 0 | H99: =SUMIF(Jul!$G$2:$G$1000,'2024 Summary'!A99,Jul!$H$2:$H$1000) -> 0 | I99: =SUMIF(Aug!$G$2:$G$1000,'2024 Summary'!A99,Aug!$H$2:$H$1000) -> 0 | J99: =SUMIF(Sep!$G$2:$G$1000,'2024 Summary'!A99,Sep!$H$2:$H$1000) -> 0 | K99: =SUMIF(Oct!$G$2:$G$1000,'2024 Summary'!A99,Oct!$H$2:$H$1000) -> 0 | L99: =SUMIF(Nov!$G$2:$G$1000,'2024 Summary'!A99,Nov!$H$2:$H$1000) -> 0 | M99: =SUMIF(Dec!$G$2:$G$1000,'2024 Summary'!A99,Dec!$H$2:$H$1000) -> 0
B100: =SUMIF(Jan!$G$2:$G$1000,'2024 Summary'!A100,Jan!$H$2:$H$1000) -> 0 | C100: =SUMIF(Feb!$G$2:$G$1000,'2024 Summary'!A100,Feb!$H$2:$H$1000) -> 0 | D100: =SUMIF(Mar!$G$2:$G$1000,'2024 Summary'!A100,Mar!$H$2:$H$1000) -> 0 | E100: =SUMIF(Apr!$G$2:$G$1000,'2024 Summary'!A100,Apr!$H$2:$H$1000) -> 0 | F100: =SUMIF(May!$G$2:$G$1000,'2024 Summary'!A100,May!$H$2:$H$1000) -> 0 | G100: =SUMIF(Jun!$G$2:$G$1000,'2024 Summary'!A100,Jun!$H$2:$H$1000) -> 0 | H100: =SUMIF(Jul!$G$2:$G$1000,'2024 Summary'!A100,Jul!$H$2:$H$1000) -> 0 | I100: =SUMIF(Aug!$G$2:$G$1000,'2024 Summary'!A100,Aug!$H$2:$H$1000) -> 0 | J100: =SUMIF(Sep!$G$2:$G$1000,'2024 Summary'!A100,Sep!$H$2:$H$1000) -> 0 | K100: =SUMIF(Oct!$G$2:$G$1000,'2024 Summary'!A100,Oct!$H$2:$H$1000) -> 0 | L100: =SUMIF(Nov!$G$2:$G$1000,'2024 Summary'!A100,Nov!$H$2:$H$1000) -> 0 | M100: =SUMIF(Dec!$G$2:$G$1000,'2024 Summary'!A100,Dec!$H$2:$H$1000) -> 0 | AA100: =Feb!G2 -> 0
B101: =SUMIF(Jan!$G$2:$G$1000,'2024 Summary'!A101,Jan!$H$2:$H$1000) -> 0 | C101: =SUMIF(Feb!$G$2:$G$1000,'2024 Summary'!A101,Feb!$H$2:$H$1000) -> 0 | D101: =SUMIF(Mar!$G$2:$G$1000,'2024 Summary'!A101,Mar!$H$2:$H$1000) -> 0 | E101: =SUMIF(Apr!$G$2:$G$1000,'2024 Summary'!A101,Apr!$H$2:$H$1000) -> 0 | F101: =SUMIF(May!$G$2:$G$1000,'2024 Summary'!A101,May!$H$2:$H$1000) -> 0 | G101: =SUMIF(Jun!$G$2:$G$1000,'2024 Summary'!A101,Jun!$H$2:$H$1000) -> 0 | H101: =SUMIF(Jul!$G$2:$G$1000,'2024 Summary'!A101,Jul!$H$2:$H$1000) -> 0 | I101: =SUMIF(Aug!$G$2:$G$1000,'2024 Summary'!A101,Aug!$H$2:$H$1000) -> 0 | J101: =SUMIF(Sep!$G$2:$G$1000,'2024 Summary'!A101,Sep!$H$2:$H$1000) -> 0 | K101: =SUMIF(Oct!$G$2:$G$1000,'2024 Summary'!A101,Oct!$H$2:$H$1000) -> 0 | L101: =SUMIF(Nov!$G$2:$G$1000,'2024 Summary'!A101,Nov!$H$2:$H$1000) -> 0 | M101: =SUMIF(Dec!$G$2:$G$1000,'2024 Summary'!A101,Dec!$H$2:$H$1000) -> 0 | AA101: =Feb!G3 -> 0
B102: =SUMIF(Jan!$G$2:$G$1000,'2024 Summary'!A102,Jan!$H$2:$H$1000) -> 0 | C102: =SUMIF(Feb!$G$2:$G$1000,'2024 Summary'!A102,Feb!$H$2:$H$1000) -> 0 | D102: =SUMIF(Mar!$G$2:$G$1000,'2024 Summary'!A102,Mar!$H$2:$H$1000) -> 0 | E102: =SUMIF(Apr!$G$2:$G$1000,'2024 Summary'!A102,Apr!$H$2:$H$1000) -> 0 | F102: =SUMIF(May!$G$2:$G$1000,'2024 Summary'!A102,May!$H$2:$H$1000) -> 0 | G102: =SUMIF(Jun!$G$2:$G$1000,'2024 Summary'!A102,Jun!$H$2:$H$1000) -> 0 | H102: =SUMIF(Jul!$G$2:$G$1000,'2024 Summary'!A102,Jul!$H$2:$H$1000) -> 0 | I102: =SUMIF(Aug!$G$2:$G$1000,'2024 Summary'!A102,Aug!$H$2:$H$1000) -> 0 | J102: =SUMIF(Sep!$G$2:$G$1000,'2024 Summary'!A102,Sep!$H$2:$H$1000) -> 0 | K102: =SUMIF(Oct!$G$2:$G$1000,'2024 Summary'!A102,Oct!$H$2:$H$1000) -> 0 | L102: =SUMIF(Nov!$G$2:$G$1000,'2024 Summary'!A102,Nov!$H$2:$H$1000) -> 0 | M102: =SUMIF(Dec!$G$2:$G$1000,'2024 Summary'!A102,Dec!$H$2:$H$1000) -> 0 | AA102: =Feb!G4 -> 0
B103: =SUMIF(Jan!$G$2:$G$1000,'2024 Summary'!A103,Jan!$H$2:$H$1000) -> 0 | C103: =SUMIF(Feb!$G$2:$G$1000,'2024 Summary'!A103,Feb!$H$2:$H$1000) -> 0 | D103: =SUMIF(Mar!$G$2:$G$1000,'2024 Summary'!A103,Mar!$H$2:$H$1000) -> 0 | E103: =SUMIF(Apr!$G$2:$G$1000,'2024 Summary'!A103,Apr!$H$2:$H$1000) -> 0 | F103: =SUMIF(May!$G$2:$G$1000,'2024 Summary'!A103,May!$H$2:$H$1000) -> 0 | G103: =SUMIF(Jun!$G$2:$G$1000,'2024 Summary'!A103,Jun!$H$2:$H$1000) -> 0 | H103: =SUMIF(Jul!$G$2:$G$1000,'2024 Summary'!A103,Jul!$H$2:$H$1000) -> 0 | I103: =SUMIF(Aug!$G$2:$G$1000,'2024 Summary'!A103,Aug!$H$2:$H$1000) -> 0 | J103: =SUMIF(Sep!$G$2:$G$1000,'2024 Summary'!A103,Sep!$H$2:$H$1000) -> 0 | K103: =SUMIF(Oct!$G$2:$G$1000,'2024 Summary'!A103,Oct!$H$2:$H$1000) -> 0 | L103: =SUMIF(Nov!$G$2:$G$1000,'2024 Summary'!A103,Nov!$H$2:$H$1000) -> 0 | M103: =SUMIF(Dec!$G$2:$G$1000,'2024 Summary'!A103,Dec!$H$2:$H$1000) -> 0 | AA103: =Feb!G5 -> 0
B104: =SUMIF(Jan!$G$2:$G$1000,'2024 Summary'!A104,Jan!$H$2:$H$1000) -> 0 | C104: =SUMIF(Feb!$G$2:$G$1000,'2024 Summary'!A104,Feb!$H$2:$H$1000) -> 0 | D104: =SUMIF(Mar!$G$2:$G$1000,'2024 Summary'!A104,Mar!$H$2:$H$1000) -> 0 | E104: =SUMIF(Apr!$G$2:$G$1000,'2024 Summary'!A104,Apr!$H$2:$H$1000) -> 0 | F104: =SUMIF(May!$G$2:$G$1000,'2024 Summary'!A104,May!$H$2:$H$1000) -> 0 | G104: =SUMIF(Jun!$G$2:$G$1000,'2024 Summary'!A104,Jun!$H$2:$H$1000) -> 0 | H104: =SUMIF(Jul!$G$2:$G$1000,'2024 Summary'!A104,Jul!$H$2:$H$1000) -> 0 | I104: =SUMIF(Aug!$G$2:$G$1000,'2024 Summary'!A104,Aug!$H$2:$H$1000) -> 0 | J104: =SUMIF(Sep!$G$2:$G$1000,'2024 Summary'!A104,Sep!$H$2:$H$1000) -> 0 | K104: =SUMIF(Oct!$G$2:$G$1000,'2024 Summary'!A104,Oct!$H$2:$H$1000) -> 0 | L104: =SUMIF(Nov!$G$2:$G$1000,'2024 Summary'!A104,Nov!$H$2:$H$1000) -> 0 | M104: =SUMIF(Dec!$G$2:$G$1000,'2024 Summary'!A104,Dec!$H$2:$H$1000) -> 0 | AA104: =Feb!G6 -> 0
B105: =SUMIF(Jan!$G$2:$G$1000,'2024 Summary'!A105,Jan!$H$2:$H$1000) -> 0 | C105: =SUMIF(Feb!$G$2:$G$1000,'2024 Summary'!A105,Feb!$H$2:$H$1000) -> 0 | D105: =SUMIF(Mar!$G$2:$G$1000,'2024 Summary'!A105,Mar!$H$2:$H$1000) -> 0 | E105: =SUMIF(Apr!$G$2:$G$1000,'2024 Summary'!A105,Apr!$H$2:$H$1000) -> 0 | F105: =SUMIF(May!$G$2:$G$1000,'2024 Summary'!A105,May!$H$2:$H$1000) -> 0 | G105: =SUMIF(Jun!$G$2:$G$1000,'2024 Summary'!A105,Jun!$H$2:$H$1000) -> 0 | H105: =SUMIF(Jul!$G$2:$G$1000,'2024 Summary'!A105,Jul!$H$2:$H$1000) -> 0 | I105: =SUMIF(Aug!$G$2:$G$1000,'2024 Summary'!A105,Aug!$H$2:$H$1000) -> 0 | J105: =SUMIF(Sep!$G$2:$G$1000,'2024 Summary'!A105,Sep!$H$2:$H$1000) -> 0 | K105: =SUMIF(Oct!$G$2:$G$1000,'2024 Summary'!A105,Oct!$H$2:$H$1000) -> 0 | L105: =SUMIF(Nov!$G$2:$G$1000,'2024 Summary'!A105,Nov!$H$2:$H$1000) -> 0 | M105: =SUMIF(Dec!$G$2:$G$1000,'2024 Summary'!A105,Dec!$H$2:$H$1000) -> 0 | AA105: =Feb!G7 -> 0
B106: =SUMIF(Jan!$G$2:$G$1000,'2024 Summary'!A106,Jan!$H$2:$H$1000) -> 0 | C106: =SUMIF(Feb!$G$2:$G$1000,'2024 Summary'!A106,Feb!$H$2:$H$1000) -> 0 | D106: =SUMIF(Mar!$G$2:$G$1000,'2024 Summary'!A106,Mar!$H$2:$H$1000) -> 0 | E106: =SUMIF(Apr!$G$2:$G$1000,'2024 Summary'!A106,Apr!$H$2:$H$1000) -> 0 | F106: =SUMIF(May!$G$2:$G$1000,'2024 Summary'!A106,May!$H$2:$H$1000) -> 0 | G106: =SUMIF(Jun!$G$2:$G$1000,'2024 Summary'!A106,Jun!$H$2:$H$1000) -> 0 | H106: =SUMIF(Jul!$G$2:$G$1000,'2024 Summary'!A106,Jul!$H$2:$H$1000) -> 0 | I106: =SUMIF(Aug!$G$2:$G$1000,'2024 Summary'!A106,Aug!$H$2:$H$1000) -> 0 | J106: =SUMIF(Sep!$G$2:$G$1000,'2024 Summary'!A106,Sep!$H$2:$H$1000) -> 0 | K106: =SUMIF(Oct!$G$2:$G$1000,'2024 Summary'!A106,Oct!$H$2:$H$1000) -> 0 | L106: =SUMIF(Nov!$G$2:$G$1000,'2024 Summary'!A106,Nov!$H$2:$H$1000) -> 0 | M106: =SUMIF(Dec!$G$2:$G$1000,'2024 Summary'!A106,Dec!$H$2:$H$1000) -> 0 | AA106: =Feb!G8 -> 0
B107: =SUMIF(Jan!$G$2:$G$1000,'2024 Summary'!A107,Jan!$H$2:$H$1000) -> 0 | C107: =SUMIF(Feb!$G$2:$G$1000,'2024 Summary'!A107,Feb!$H$2:$H$1000) -> 0 | D107: =SUMIF(Mar!$G$2:$G$1000,'2024 Summary'!A107,Mar!$H$2:$H$1000) -> 0 | E107: =SUMIF(Apr!$G$2:$G$1000,'2024 Summary'!A107,Apr!$H$2:$H$1000) -> 0 | F107: =SUMIF(May!$G$2:$G$1000,'2024 Summary'!A107,May!$H$2:$H$1000) -> 0 | G107: =SUMIF(Jun!$G$2:$G$1000,'2024 Summary'!A107,Jun!$H$2:$H$1000) -> 0 | H107: =SUMIF(Jul!$G$2:$G$1000,'2024 Summary'!A107,Jul!$H$2:$H$1000) -> 0 | I107: =SUMIF(Aug!$G$2:$G$1000,'2024 Summary'!A107,Aug!$H$2:$H$1000) -> 0 | J107: =SUMIF(Sep!$G$2:$G$1000,'2024 Summary'!A107,Sep!$H$2:$H$1000) -> 0 | K107: =SUMIF(Oct!$G$2:$G$1000,'2024 Summary'!A107,Oct!$H$2:$H$1000) -> 0 | L107: =SUMIF(Nov!$G$2:$G$1000,'2024 Summary'!A107,Nov!$H$2:$H$1000) -> 0 | M107: =SUMIF(Dec!$G$2:$G$1000,'2024 Summary'!A107,Dec!$H$2:$H$1000) -> 0 | AA107: =Feb!G9 -> 0
B108: =SUMIF(Jan!$G$2:$G$1000,'2024 Summary'!A108,Jan!$H$2:$H$1000) -> 0 | C108: =SUMIF(Feb!$G$2:$G$1000,'2024 Summary'!A108,Feb!$H$2:$H$1000) -> 0 | D108: =SUMIF(Mar!$G$2:$G$1000,'2024 Summary'!A108,Mar!$H$2:$H$1000) -> 0 | E108: =SUMIF(Apr!$G$2:$G$1000,'2024 Summary'!A108,Apr!$H$2:$H$1000) -> 0 | F108: =SUMIF(May!$G$2:$G$1000,'2024 Summary'!A108,May!$H$2:$H$1000) -> 0 | G108: =SUMIF(Jun!$G$2:$G$1000,'2024 Summary'!A108,Jun!$H$2:$H$1000) -> 0 | H108: =SUMIF(Jul!$G$2:$G$1000,'2024 Summary'!A108,Jul!$H$2:$H$1000) -> 0 | I108: =SUMIF(Aug!$G$2:$G$1000,'2024 Summary'!A108,Aug!$H$2:$H$1000) -> 0 | J108: =SUMIF(Sep!$G$2:$G$1000,'2024 Summary'!A108,Sep!$H$2:$H$1000) -> 0 | K108: =SUMIF(Oct!$G$2:$G$1000,'2024 Summary'!A108,Oct!$H$2:$H$1000) -> 0 | L108: =SUMIF(Nov!$G$2:$G$1000,'2024 Summary'!A108,Nov!$H$2:$H$1000) -> 0 | M108: =SUMIF(Dec!$G$2:$G$1000,'2024 Summary'!A108,Dec!$H$2:$H$1000) -> 0 | AA108: =Feb!G10 -> 0
B109: =SUMIF(Jan!$G$2:$G$1000,'2024 Summary'!A109,Jan!$H$2:$H$1000) -> 0 | C109: =SUMIF(Feb!$G$2:$G$1000,'2024 Summary'!A109,Feb!$H$2:$H$1000) -> 0 | D109: =SUMIF(Mar!$G$2:$G$1000,'2024 Summary'!A109,Mar!$H$2:$H$1000) -> 0 | E109: =SUMIF(Apr!$G$2:$G$1000,'2024 Summary'!A109,Apr!$H$2:$H$1000) -> 0 | F109: =SUMIF(May!$G$2:$G$1000,'2024 Summary'!A109,May!$H$2:$H$1000) -> 0 | G109: =SUMIF(Jun!$G$2:$G$1000,'2024 Summary'!A109,Jun!$H$2:$H$1000) -> 0 | H109: =SUMIF(Jul!$G$2:$G$1000,'2024 Summary'!A109,Jul!$H$2:$H$1000) -> 0 | I109: =SUMIF(Aug!$G$2:$G$1000,'2024 Summary'!A109,Aug!$H$2:$H$1000) -> 0 | J109: =SUMIF(Sep!$G$2:$G$1000,'2024 Summary'!A109,Sep!$H$2:$H$1000) -> 0 | K109: =SUMIF(Oct!$G$2:$G$1000,'2024 Summary'!A109,Oct!$H$2:$H$1000) -> 0 | L109: =SUMIF(Nov!$G$2:$G$1000,'2024 Summary'!A109,Nov!$H$2:$H$1000) -> 0 | M109: =SUMIF(Dec!$G$2:$G$1000,'2024 Summary'!A109,Dec!$H$2:$H$1000) -> 0 | AA109: =Feb!G11 -> 0
B110: =SUMIF(Jan!$G$2:$G$1000,'2024 Summary'!A110,Jan!$H$2:$H$1000) -> 0 | C110: =SUMIF(Feb!$G$2:$G$1000,'2024 Summary'!A110,Feb!$H$2:$H$1000) -> 0 | D110: =SUMIF(Mar!$G$2:$G$1000,'2024 Summary'!A110,Mar!$H$2:$H$1000) -> 0 | E110: =SUMIF(Apr!$G$2:$G$1000,'2024 Summary'!A110,Apr!$H$2:$H$1000) -> 0 | F110: =SUMIF(May!$G$2:$G$1000,'2024 Summary'!A110,May!$H$2:$H$1000) -> 0 | G110: =SUMIF(Jun!$G$2:$G$1000,'2024 Summary'!A110,Jun!$H$2:$H$1000) -> 0 | H110: =SUMIF(Jul!$G$2:$G$1000,'2024 Summary'!A110,Jul!$H$2:$H$1000) -> 0 | I110: =SUMIF(Aug!$G$2:$G$1000,'2024 Summary'!A110,Aug!$H$2:$H$1000) -> 0 | J110: =SUMIF(Sep!$G$2:$G$1000,'2024 Summary'!A110,Sep!$H$2:$H$1000) -> 0 | K110: =SUMIF(Oct!$G$2:$G$1000,'2024 Summary'!A110,Oct!$H$2:$H$1000) -> 0 | L110: =SUMIF(Nov!$G$2:$G$1000,'2024 Summary'!A110,Nov!$H$2:$H$1000) -> 0 | M110: =SUMIF(Dec!$G$2:$G$1000,'2024 Summary'!A110,Dec!$H$2:$H$1000) -> 0 | AA110: =Feb!G12 -> 0
B111: =SUMIF(Jan!$G$2:$G$1000,'2024 Summary'!A111,Jan!$H$2:$H$1000) -> 0 | C111: =SUMIF(Feb!$G$2:$G$1000,'2024 Summary'!A111,Feb!$H$2:$H$1000) -> 0 | D111: =SUMIF(Mar!$G$2:$G$1000,'2024 Summary'!A111,Mar!$H$2:$H$1000) -> 0 | E111: =SUMIF(Apr!$G$2:$G$1000,'2024 Summary'!A111,Apr!$H$2:$H$1000) -> 0 | F111: =SUMIF(May!$G$2:$G$1000,'2024 Summary'!A111,May!$H$2:$H$1000) -> 0 | G111: =SUMIF(Jun!$G$2:$G$1000,'2024 Summary'!A111,Jun!$H$2:$H$1000) -> 0 | H111: =SUMIF(Jul!$G$2:$G$1000,'2024 Summary'!A111,Jul!$H$2:$H$1000) -> 0 | I111: =SUMIF(Aug!$G$2:$G$1000,'2024 Summary'!A111,Aug!$H$2:$H$1000) -> 0 | J111: =SUMIF(Sep!$G$2:$G$1000,'2024 Summary'!A111,Sep!$H$2:$H$1000) -> 0 | K111: =SUMIF(Oct!$G$2:$G$1000,'2024 Summary'!A111,Oct!$H$2:$H$1000) -> 0 | L111: =SUMIF(Nov!$G$2:$G$1000,'2024 Summary'!A111,Nov!$H$2:$H$1000) -> 0 | M111: =SUMIF(Dec!$G$2:$G$1000,'2024 Summary'!A111,Dec!$H$2:$H$1000) -> 0 | AA111: =Feb!G13 -> 0
... B198: =SUMIF(Jan!$G$2:$G$1000,'2024 Summary'!A198,Jan!$H$2:$H$1000) -> 0 | C198: =SUMIF(Feb!$G$2:$G$1000,'2024 Summary'!A198,Feb!$H$2:$H$1000) -> 0 | D198: =SUMIF(Mar!$G$2:$G$1000,'2024 Summary'!A198,Mar!$H$2:$H$1000) -> 0 | E198: =SUMIF(Apr!$G$2:$G$1000,'2024 Summary'!A198,Apr!$H$2:$H$1000) -> 0 | F198: =SUMIF(May!$G$2:$G$1000,'2024 Summary'!A198,May!$H$2:$H$1000) -> 0 | G198: =SUMIF(Jun!$G$2:$G$1000,'2024 Summary'!A198,Jun!$H$2:$H$1000) -> 0 | H198: =SUMIF(Jul!$G$2:$G$1000,'2024 Summary'!A198,Jul!$H$2:$H$1000) -> 0 | I198: =SUMIF(Aug!$G$2:$G$1000,'2024 Summary'!A198,Aug!$H$2:$H$1000) -> 0 | J198: =SUMIF(Sep!$G$2:$G$1000,'2024 Summary'!A198,Sep!$H$2:$H$1000) -> 0 | K198: =SUMIF(Oct!$G$2:$G$1000,'2024 Summary'!A198,Oct!$H$2:$H$1000) -> 0 | L198: =SUMIF(Nov!$G$2:$G$1000,'2024 Summary'!A198,Nov!$H$2:$H$1000) -> 0 | M198: =SUMIF(Dec!$G$2:$G$1000,'2024 Summary'!A198,Dec!$H$2:$H$1000) -> 0 | AA198: =Feb!G100 -> 0
B199: =SUMIF(Jan!$G$2:$G$1000,'2024 Summary'!A199,Jan!$H$2:$H$1000) -> 0 | C199: =SUMIF(Feb!$G$2:$G$1000,'2024 Summary'!A199,Feb!$H$2:$H$1000) -> 0 | D199: =SUMIF(Mar!$G$2:$G$1000,'2024 Summary'!A199,Mar!$H$2:$H$1000) -> 0 | E199: =SUMIF(Apr!$G$2:$G$1000,'2024 Summary'!A199,Apr!$H$2:$H$1000) -> 0 | F199: =SUMIF(May!$G$2:$G$1000,'2024 Summary'!A199,May!$H$2:$H$1000) -> 0 | G199: =SUMIF(Jun!$G$2:$G$1000,'2024 Summary'!A199,Jun!$H$2:$H$1000) -> 0 | H199: =SUMIF(Jul!$G$2:$G$1000,'2024 Summary'!A199,Jul!$H$2:$H$1000) -> 0 | I199: =SUMIF(Aug!$G$2:$G$1000,'2024 Summary'!A199,Aug!$H$2:$H$1000) -> 0 | J199: =SUMIF(Sep!$G$2:$G$1000,'2024 Summary'!A199,Sep!$H$2:$H$1000) -> 0 | K199: =SUMIF(Oct!$G$2:$G$1000,'2024 Summary'!A199,Oct!$H$2:$H$1000) -> 0 | L199: =SUMIF(Nov!$G$2:$G$1000,'2024 Summary'!A199,Nov!$H$2:$H$1000) -> 0 | M199: =SUMIF(Dec!$G$2:$G$1000,'2024 Summary'!A199,Dec!$H$2:$H$1000) -> 0
B200: =SUMIF(Jan!$G$2:$G$1000,'2024 Summary'!A200,Jan!$H$2:$H$1000) -> 0 | C200: =SUMIF(Feb!$G$2:$G$1000,'2024 Summary'!A200,Feb!$H$2:$H$1000) -> 0 | D200: =SUMIF(Mar!$G$2:$G$1000,'2024 Summary'!A200,Mar!$H$2:$H$1000) -> 0 | E200: =SUMIF(Apr!$G$2:$G$1000,'2024 Summary'!A200,Apr!$H$2:$H$1000) -> 0 | F200: =SUMIF(May!$G$2:$G$1000,'2024 Summary'!A200,May!$H$2:$H$1000) -> 0 | G200: =SUMIF(Jun!$G$2:$G$1000,'2024 Summary'!A200,Jun!$H$2:$H$1000) -> 0 | H200: =SUMIF(Jul!$G$2:$G$1000,'2024 Summary'!A200,Jul!$H$2:$H$1000) -> 0 | I200: =SUMIF(Aug!$G$2:$G$1000,'2024 Summary'!A200,Aug!$H$2:$H$1000) -> 0 | J200: =SUMIF(Sep!$G$2:$G$1000,'2024 Summary'!A200,Sep!$H$2:$H$1000) -> 0 | K200: =SUMIF(Oct!$G$2:$G$1000,'2024 Summary'!A200,Oct!$H$2:$H$1000) -> 0 | L200: =SUMIF(Nov!$G$2:$G$1000,'2024 Summary'!A200,Nov!$H$2:$H$1000) -> 0 | M200: =SUMIF(Dec!$G$2:$G$1000,'2024 Summary'!A200,Dec!$H$2:$H$1000) -> 0 | AA200: =Mar!G2 -> 0
B201: =SUMIF(Jan!$G$2:$G$1000,'2024 Summary'!A201,Jan!$H$2:$H$1000) -> 0 | C201: =SUMIF(Feb!$G$2:$G$1000,'2024 Summary'!A201,Feb!$H$2:$H$1000) -> 0 | D201: =SUMIF(Mar!$G$2:$G$1000,'2024 Summary'!A201,Mar!$H$2:$H$1000) -> 0 | E201: =SUMIF(Apr!$G$2:$G$1000,'2024 Summary'!A201,Apr!$H$2:$H$1000) -> 0 | F201: =SUMIF(May!$G$2:$G$1000,'2024 Summary'!A201,May!$H$2:$H$1000) -> 0 | G201: =SUMIF(Jun!$G$2:$G$1000,'2024 Summary'!A201,Jun!$H$2:$H$1000) -> 0 | H201: =SUMIF(Jul!$G$2:$G$1000,'2024 Summary'!A201,Jul!$H$2:$H$1000) -> 0 | I201: =SUMIF(Aug!$G$2:$G$1000,'2024 Summary'!A201,Aug!$H$2:$H$1000) -> 0 | J201: =SUMIF(Sep!$G$2:$G$1000,'2024 Summary'!A201,Sep!$H$2:$H$1000) -> 0 | K201: =SUMIF(Oct!$G$2:$G$1000,'2024 Summary'!A201,Oct!$H$2:$H$1000) -> 0 | L201: =SUMIF(Nov!$G$2:$G$1000,'2024 Summary'!A201,Nov!$H$2:$H$1000) -> 0 | M201: =SUMIF(Dec!$G$2:$G$1000,'2024 Summary'!A201,Dec!$H$2:$H$1000) -> 0 | AA201: =Mar!G3 -> 0
B202: =SUMIF(Jan!$G$2:$G$1000,'2024 Summary'!A202,Jan!$H$2:$H$1000) -> 0 | C202: =SUMIF(Feb!$G$2:$G$1000,'2024 Summary'!A202,Feb!$H$2:$H$1000) -> 0 | D202: =SUMIF(Mar!$G$2:$G$1000,'2024 Summary'!A202,Mar!$H$2:$H$1000) -> 0 | E202: =SUMIF(Apr!$G$2:$G$1000,'2024 Summary'!A202,Apr!$H$2:$H$1000) -> 0 | F202: =SUMIF(May!$G$2:$G$1000,'2024 Summary'!A202,May!$H$2:$H$1000) -> 0 | G202: =SUMIF(Jun!$G$2:$G$1000,'2024 Summary'!A202,Jun!$H$2:$H$1000) -> 0 | H202: =SUMIF(Jul!$G$2:$G$1000,'2024 Summary'!A202,Jul!$H$2:$H$1000) -> 0 | I202: =SUMIF(Aug!$G$2:$G$1000,'2024 Summary'!A202,Aug!$H$2:$H$1000) -> 0 | J202: =SUMIF(Sep!$G$2:$G$1000,'2024 Summary'!A202,Sep!$H$2:$H$1000) -> 0 | K202: =SUMIF(Oct!$G$2:$G$1000,'2024 Summary'!A202,Oct!$H$2:$H$1000) -> 0 | L202: =SUMIF(Nov!$G$2:$G$1000,'2024 Summary'!A202,Nov!$H$2:$H$1000) -> 0 | M202: =SUMIF(Dec!$G$2:$G$1000,'2024 Summary'!A202,Dec!$H$2:$H$1000) -> 0 | AA202: =Mar!G4 -> 0
B203: =SUMIF(Jan!$G$2:$G$1000,'2024 Summary'!A203,Jan!$H$2:$H$1000) -> 0 | C203: =SUMIF(Feb!$G$2:$G$1000,'2024 Summary'!A203,Feb!$H$2:$H$1000) -> 0 | D203: =SUMIF(Mar!$G$2:$G$1000,'2024 Summary'!A203,Mar!$H$2:$H$1000) -> 0 | E203: =SUMIF(Apr!$G$2:$G$1000,'2024 Summary'!A203,Apr!$H$2:$H$1000) -> 0 | F203: =SUMIF(May!$G$2:$G$1000,'2024 Summary'!A203,May!$H$2:$H$1000) -> 0 | G203: =SUMIF(Jun!$G$2:$G$1000,'2024 Summary'!A203,Jun!$H$2:$H$1000) -> 0 | H203: =SUMIF(Jul!$G$2:$G$1000,'2024 Summary'!A203,Jul!$H$2:$H$1000) -> 0 | I203: =SUMIF(Aug!$G$2:$G$1000,'2024 Summary'!A203,Aug!$H$2:$H$1000) -> 0 | J203: =SUMIF(Sep!$G$2:$G$1000,'2024 Summary'!A203,Sep!$H$2:$H$1000) -> 0 | K203: =SUMIF(Oct!$G$2:$G$1000,'2024 Summary'!A203,Oct!$H$2:$H$1000) -> 0 | L203: =SUMIF(Nov!$G$2:$G$1000,'2024 Summary'!A203,Nov!$H$2:$H$1000) -> 0 | M203: =SUMIF(Dec!$G$2:$G$1000,'2024 Summary'!A203,Dec!$H$2:$H$1000) -> 0 | AA203: =Mar!G5 -> 0
B204: =SUMIF(Jan!$G$2:$G$1000,'2024 Summary'!A204,Jan!$H$2:$H$1000) -> 0 | C204: =SUMIF(Feb!$G$2:$G$1000,'2024 Summary'!A204,Feb!$H$2:$H$1000) -> 0 | D204: =SUMIF(Mar!$G$2:$G$1000,'2024 Summary'!A204,Mar!$H$2:$H$1000) -> 0 | E204: =SUMIF(Apr!$G$2:$G$1000,'2024 Summary'!A204,Apr!$H$2:$H$1000) -> 0 | F204: =SUMIF(May!$G$2:$G$1000,'2024 Summary'!A204,May!$H$2:$H$1000) -> 0 | G204: =SUMIF(Jun!$G$2:$G$1000,'2024 Summary'!A204,Jun!$H$2:$H$1000) -> 0 | H204: =SUMIF(Jul!$G$2:$G$1000,'2024 Summary'!A204,Jul!$H$2:$H$1000) -> 0 | I204: =SUMIF(Aug!$G$2:$G$1000,'2024 Summary'!A204,Aug!$H$2:$H$1000) -> 0 | J204: =SUMIF(Sep!$G$2:$G$1000,'2024 Summary'!A204,Sep!$H$2:$H$1000) -> 0 | K204: =SUMIF(Oct!$G$2:$G$1000,'2024 Summary'!A204,Oct!$H$2:$H$1000) -> 0 | L204: =SUMIF(Nov!$G$2:$G$1000,'2024 Summary'!A204,Nov!$H$2:$H$1000) -> 0 | M204: =SUMIF(Dec!$G$2:$G$1000,'2024 Summary'!A204,Dec!$H$2:$H$1000) -> 0 | AA204: =Mar!G6 -> 0
B205: =SUMIF(Jan!$G$2:$G$1000,'2024 Summary'!A205,Jan!$H$2:$H$1000) -> 0 | C205: =SUMIF(Feb!$G$2:$G$1000,'2024 Summary'!A205,Feb!$H$2:$H$1000) -> 0 | D205: =SUMIF(Mar!$G$2:$G$1000,'2024 Summary'!A205,Mar!$H$2:$H$1000) -> 0 | E205: =SUMIF(Apr!$G$2:$G$1000,'2024 Summary'!A205,Apr!$H$2:$H$1000) -> 0 | F205: =SUMIF(May!$G$2:$G$1000,'2024 Summary'!A205,May!$H$2:$H$1000) -> 0 | G205: =SUMIF(Jun!$G$2:$G$1000,'2024 Summary'!A205,Jun!$H$2:$H$1000) -> 0 | H205: =SUMIF(Jul!$G$2:$G$1000,'2024 Summary'!A205,Jul!$H$2:$H$1000) -> 0 | I205: =SUMIF(Aug!$G$2:$G$1000,'2024 Summary'!A205,Aug!$H$2:$H$1000) -> 0 | J205: =SUMIF(Sep!$G$2:$G$1000,'2024 Summary'!A205,Sep!$H$2:$H$1000) -> 0 | K205: =SUMIF(Oct!$G$2:$G$1000,'2024 Summary'!A205,Oct!$H$2:$H$1000) -> 0 | L205: =SUMIF(Nov!$G$2:$G$1000,'2024 Summary'!A205,Nov!$H$2:$H$1000) -> 0 | M205: =SUMIF(Dec!$G$2:$G$1000,'2024 Summary'!A205,Dec!$H$2:$H$1000) -> 0 | AA205: =Mar!G7 -> 0
B206: =SUMIF(Jan!$G$2:$G$1000,'2024 Summary'!A206,Jan!$H$2:$H$1000) -> 0 | C206: =SUMIF(Feb!$G$2:$G$1000,'2024 Summary'!A206,Feb!$H$2:$H$1000) -> 0 | D206: =SUMIF(Mar!$G$2:$G$1000,'2024 Summary'!A206,Mar!$H$2:$H$1000) -> 0 | E206: =SUMIF(Apr!$G$2:$G$1000,'2024 Summary'!A206,Apr!$H$2:$H$1000) -> 0 | F206: =SUMIF(May!$G$2:$G$1000,'2024 Summary'!A206,May!$H$2:$H$1000) -> 0 | G206: =SUMIF(Jun!$G$2:$G$1000,'2024 Summary'!A206,Jun!$H$2:$H$1000) -> 0 | H206: =SUMIF(Jul!$G$2:$G$1000,'2024 Summary'!A206,Jul!$H$2:$H$1000) -> 0 | I206: =SUMIF(Aug!$G$2:$G$1000,'2024 Summary'!A206,Aug!$H$2:$H$1000) -> 0 | J206: =SUMIF(Sep!$G$2:$G$1000,'2024 Summary'!A206,Sep!$H$2:$H$1000) -> 0 | K206: =SUMIF(Oct!$G$2:$G$1000,'2024 Summary'!A206,Oct!$H$2:$H$1000) -> 0 | L206: =SUMIF(Nov!$G$2:$G$1000,'2024 Summary'!A206,Nov!$H$2:$H$1000) -> 0 | M206: =SUMIF(Dec!$G$2:$G$1000,'2024 Summary'!A206,Dec!$H$2:$H$1000) -> 0 | AA206: =Mar!G8 -> 0
B207: =SUMIF(Jan!$G$2:$G$1000,'2024 Summary'!A207,Jan!$H$2:$H$1000) -> 0 | C207: =SUMIF(Feb!$G$2:$G$1000,'2024 Summary'!A207,Feb!$H$2:$H$1000) -> 0 | D207: =SUMIF(Mar!$G$2:$G$1000,'2024 Summary'!A207,Mar!$H$2:$H$1000) -> 0 | E207: =SUMIF(Apr!$G$2:$G$1000,'2024 Summary'!A207,Apr!$H$2:$H$1000) -> 0 | F207: =SUMIF(May!$G$2:$G$1000,'2024 Summary'!A207,May!$H$2:$H$1000) -> 0 | G207: =SUMIF(Jun!$G$2:$G$1000,'2024 Summary'!A207,Jun!$H$2:$H$1000) -> 0 | H207: =SUMIF(Jul!$G$2:$G$1000,'2024 Summary'!A207,Jul!$H$2:$H$1000) -> 0 | I207: =SUMIF(Aug!$G$2:$G$1000,'2024 Summary'!A207,Aug!$H$2:$H$1000) -> 0 | J207: =SUMIF(Sep!$G$2:$G$1000,'2024 Summary'!A207,Sep!$H$2:$H$1000) -> 0 | K207: =SUMIF(Oct!$G$2:$G$1000,'2024 Summary'!A207,Oct!$H$2:$H$1000) -> 0 | L207: =SUMIF(Nov!$G$2:$G$1000,'2024 Summary'!A207,Nov!$H$2:$H$1000) -> 0 | M207: =SUMIF(Dec!$G$2:$G$1000,'2024 Summary'!A207,Dec!$H$2:$H$1000) -> 0 | AA207: =Mar!G9 -> 0
B208: =SUMIF(Jan!$G$2:$G$1000,'2024 Summary'!A208,Jan!$H$2:$H$1000) -> 0 | C208: =SUMIF(Feb!$G$2:$G$1000,'2024 Summary'!A208,Feb!$H$2:$H$1000) -> 0 | D208: =SUMIF(Mar!$G$2:$G$1000,'2024 Summary'!A208,Mar!$H$2:$H$1000) -> 0 | E208: =SUMIF(Apr!$G$2:$G$1000,'2024 Summary'!A208,Apr!$H$2:$H$1000) -> 0 | F208: =SUMIF(May!$G$2:$G$1000,'2024 Summary'!A208,May!$H$2:$H$1000) -> 0 | G208: =SUMIF(Jun!$G$2:$G$1000,'2024 Summary'!A208,Jun!$H$2:$H$1000) -> 0 | H208: =SUMIF(Jul!$G$2:$G$1000,'2024 Summary'!A208,Jul!$H$2:$H$1000) -> 0 | I208: =SUMIF(Aug!$G$2:$G$1000,'2024 Summary'!A208,Aug!$H$2:$H$1000) -> 0 | J208: =SUMIF(Sep!$G$2:$G$1000,'2024 Summary'!A208,Sep!$H$2:$H$1000) -> 0 | K208: =SUMIF(Oct!$G$2:$G$1000,'2024 Summary'!A208,Oct!$H$2:$H$1000) -> 0 | L208: =SUMIF(Nov!$G$2:$G$1000,'2024 Summary'!A208,Nov!$H$2:$H$1000) -> 0 | M208: =SUMIF(Dec!$G$2:$G$1000,'2024 Summary'!A208,Dec!$H$2:$H$1000) -> 0 | AA208: =Mar!G10 -> 0
B209: =SUMIF(Jan!$G$2:$G$1000,'2024 Summary'!A209,Jan!$H$2:$H$1000) -> 0 | C209: =SUMIF(Feb!$G$2:$G$1000,'2024 Summary'!A209,Feb!$H$2:$H$1000) -> 0 | D209: =SUMIF(Mar!$G$2:$G$1000,'2024 Summary'!A209,Mar!$H$2:$H$1000) -> 0 | E209: =SUMIF(Apr!$G$2:$G$1000,'2024 Summary'!A209,Apr!$H$2:$H$1000) -> 0 | F209: =SUMIF(May!$G$2:$G$1000,'2024 Summary'!A209,May!$H$2:$H$1000) -> 0 | G209: =SUMIF(Jun!$G$2:$G$1000,'2024 Summary'!A209,Jun!$H$2:$H$1000) -> 0 | H209: =SUMIF(Jul!$G$2:$G$1000,'2024 Summary'!A209,Jul!$H$2:$H$1000) -> 0 | I209: =SUMIF(Aug!$G$2:$G$1000,'2024 Summary'!A209,Aug!$H$2:$H$1000) -> 0 | J209: =SUMIF(Sep!$G$2:$G$1000,'2024 Summary'!A209,Sep!$H$2:$H$1000) -> 0 | K209: =SUMIF(Oct!$G$2:$G$1000,'2024 Summary'!A209,Oct!$H$2:$H$1000) -> 0 | L209: =SUMIF(Nov!$G$2:$G$1000,'2024 Summary'!A209,Nov!$H$2:$H$1000) -> 0 | M209: =SUMIF(Dec!$G$2:$G$1000,'2024 Summary'!A209,Dec!$H$2:$H$1000) -> 0 | AA209: =Mar!G11 -> 0
B210: =SUMIF(Jan!$G$2:$G$1000,'2024 Summary'!A210,Jan!$H$2:$H$1000) -> 0 | C210: =SUMIF(Feb!$G$2:$G$1000,'2024 Summary'!A210,Feb!$H$2:$H$1000) -> 0 | D210: =SUMIF(Mar!$G$2:$G$1000,'2024 Summary'!A210,Mar!$H$2:$H$1000) -> 0 | E210: =SUMIF(Apr!$G$2:$G$1000,'2024 Summary'!A210,Apr!$H$2:$H$1000) -> 0 | F210: =SUMIF(May!$G$2:$G$1000,'2024 Summary'!A210,May!$H$2:$H$1000) -> 0 | G210: =SUMIF(Jun!$G$2:$G$1000,'2024 Summary'!A210,Jun!$H$2:$H$1000) -> 0 | H210: =SUMIF(Jul!$G$2:$G$1000,'2024 Summary'!A210,Jul!$H$2:$H$1000) -> 0 | I210: =SUMIF(Aug!$G$2:$G$1000,'2024 Summary'!A210,Aug!$H$2:$H$1000) -> 0 | J210: =SUMIF(Sep!$G$2:$G$1000,'2024 Summary'!A210,Sep!$H$2:$H$1000) -> 0 | K210: =SUMIF(Oct!$G$2:$G$1000,'2024 Summary'!A210,Oct!$H$2:$H$1000) -> 0 | L210: =SUMIF(Nov!$G$2:$G$1000,'2024 Summary'!A210,Nov!$H$2:$H$1000) -> 0 | M210: =SUMIF(Dec!$G$2:$G$1000,'2024 Summary'!A210,Dec!$H$2:$H$1000) -> 0 | AA210: =Mar!G12 -> 0
B211: =SUMIF(Jan!$G$2:$G$1000,'2024 Summary'!A211,Jan!$H$2:$H$1000) -> 0 | C211: =SUMIF(Feb!$G$2:$G$1000,'2024 Summary'!A211,Feb!$H$2:$H$1000) -> 0 | D211: =SUMIF(Mar!$G$2:$G$1000,'2024 Summary'!A211,Mar!$H$2:$H$1000) -> 0 | E211: =SUMIF(Apr!$G$2:$G$1000,'2024 Summary'!A211,Apr!$H$2:$H$1000) -> 0 | F211: =SUMIF(May!$G$2:$G$1000,'2024 Summary'!A211,May!$H$2:$H$1000) -> 0 | G211: =SUMIF(Jun!$G$2:$G$1000,'2024 Summary'!A211,Jun!$H$2:$H$1000) -> 0 | H211: =SUMIF(Jul!$G$2:$G$1000,'2024 Summary'!A211,Jul!$H$2:$H$1000) -> 0 | I211: =SUMIF(Aug!$G$2:$G$1000,'2024 Summary'!A211,Aug!$H$2:$H$1000) -> 0 | J211: =SUMIF(Sep!$G$2:$G$1000,'2024 Summary'!A211,Sep!$H$2:$H$1000) -> 0 | K211: =SUMIF(Oct!$G$2:$G$1000,'2024 Summary'!A211,Oct!$H$2:$H$1000) -> 0 | L211: =SUMIF(Nov!$G$2:$G$1000,'2024 Summary'!A211,Nov!$H$2:$H$1000) -> 0 | M211: =SUMIF(Dec!$G$2:$G$1000,'2024 Summary'!A211,Dec!$H$2:$H$1000) -> 0 | AA211: =Mar!G13 -> 0
... B298: =SUMIF(Jan!$G$2:$G$1000,'2024 Summary'!A298,Jan!$H$2:$H$1000) -> 0 | C298: =SUMIF(Feb!$G$2:$G$1000,'2024 Summary'!A298,Feb!$H$2:$H$1000) -> 0 | D298: =SUMIF(Mar!$G$2:$G$1000,'2024 Summary'!A298,Mar!$H$2:$H$1000) -> 0 | E298: =SUMIF(Apr!$G$2:$G$1000,'2024 Summary'!A298,Apr!$H$2:$H$1000) -> 0 | F298: =SUMIF(May!$G$2:$G$1000,'2024 Summary'!A298,May!$H$2:$H$1000) -> 0 | G298: =SUMIF(Jun!$G$2:$G$1000,'2024 Summary'!A298,Jun!$H$2:$H$1000) -> 0 | H298: =SUMIF(Jul!$G$2:$G$1000,'2024 Summary'!A298,Jul!$H$2:$H$1000) -> 0 | I298: =SUMIF(Aug!$G$2:$G$1000,'2024 Summary'!A298,Aug!$H$2:$H$1000) -> 0 | J298: =SUMIF(Sep!$G$2:$G$1000,'2024 Summary'!A298,Sep!$H$2:$H$1000) -> 0 | K298: =SUMIF(Oct!$G$2:$G$1000,'2024 Summary'!A298,Oct!$H$2:$H$1000) -> 0 | L298: =SUMIF(Nov!$G$2:$G$1000,'2024 Summary'!A298,Nov!$H$2:$H$1000) -> 0 | M298: =SUMIF(Dec!$G$2:$G$1000,'2024 Summary'!A298,Dec!$H$2:$H$1000) -> 0 | AA298: =Mar!G100 -> 0
B299: =SUMIF(Jan!$G$2:$G$1000,'2024 Summary'!A299,Jan!$H$2:$H$1000) -> 0 | C299: =SUMIF(Feb!$G$2:$G$1000,'2024 Summary'!A299,Feb!$H$2:$H$1000) -> 0 | D299: =SUMIF(Mar!$G$2:$G$1000,'2024 Summary'!A299,Mar!$H$2:$H$1000) -> 0 | E299: =SUMIF(Apr!$G$2:$G$1000,'2024 Summary'!A299,Apr!$H$2:$H$1000) -> 0 | F299: =SUMIF(May!$G$2:$G$1000,'2024 Summary'!A299,May!$H$2:$H$1000) -> 0 | G299: =SUMIF(Jun!$G$2:$G$1000,'2024 Summary'!A299,Jun!$H$2:$H$1000) -> 0 | H299: =SUMIF(Jul!$G$2:$G$1000,'2024 Summary'!A299,Jul!$H$2:$H$1000) -> 0 | I299: =SUMIF(Aug!$G$2:$G$1000,'2024 Summary'!A299,Aug!$H$2:$H$1000) -> 0 | J299: =SUMIF(Sep!$G$2:$G$1000,'2024 Summary'!A299,Sep!$H$2:$H$1000) -> 0 | K299: =SUMIF(Oct!$G$2:$G$1000,'2024 Summary'!A299,Oct!$H$2:$H$1000) -> 0 | L299: =SUMIF(Nov!$G$2:$G$1000,'2024 Summary'!A299,Nov!$H$2:$H$1000) -> 0 | M299: =SUMIF(Dec!$G$2:$G$1000,'2024 Summary'!A299,Dec!$H$2:$H$1000) -> 0
B300: =SUMIF(Jan!$G$2:$G$1000,'2024 Summary'!A300,Jan!$H$2:$H$1000) -> 0 | C300: =SUMIF(Feb!$G$2:$G$1000,'2024 Summary'!A300,Feb!$H$2:$H$1000) -> 0 | D300: =SUMIF(Mar!$G$2:$G$1000,'2024 Summary'!A300,Mar!$H$2:$H$1000) -> 0 | E300: =SUMIF(Apr!$G$2:$G$1000,'2024 Summary'!A300,Apr!$H$2:$H$1000) -> 0 | F300: =SUMIF(May!$G$2:$G$1000,'2024 Summary'!A300,May!$H$2:$H$1000) -> 0 | G300: =SUMIF(Jun!$G$2:$G$1000,'2024 Summary'!A300,Jun!$H$2:$H$1000) -> 0 | H300: =SUMIF(Jul!$G$2:$G$1000,'2024 Summary'!A300,Jul!$H$2:$H$1000) -> 0 | I300: =SUMIF(Aug!$G$2:$G$1000,'2024 Summary'!A300,Aug!$H$2:$H$1000) -> 0 | J300: =SUMIF(Sep!$G$2:$G$1000,'2024 Summary'!A300,Sep!$H$2:$H$1000) -> 0 | K300: =SUMIF(Oct!$G$2:$G$1000,'2024 Summary'!A300,Oct!$H$2:$H$1000) -> 0 | L300: =SUMIF(Nov!$G$2:$G$1000,'2024 Summary'!A300,Nov!$H$2:$H$1000) -> 0 | M300: =SUMIF(Dec!$G$2:$G$1000,'2024 Summary'!A300,Dec!$H$2:$H$1000) -> 0 | AA300: =Apr!G2 -> 0
AA301: =Apr!G3 -> 0
AA302: =Apr!G4 -> 0
AA303: =Apr!G5 -> 0
AA304: =Apr!G6 -> 0
AA305: =Apr!G7 -> 0
AA306: =Apr!G8 -> 0
AA307: =Apr!G9 -> 0
AA308: =Apr!G10 -> 0
AA309: =Apr!G11 -> 0
AA310: =Apr!G12 -> 0
AA311: =Apr!G13 -> 0
AA312: =Apr!G14 -> 0
... AA398: =Apr!G100 -> 0
AA400: =May!G2 -> 0
AA401: =May!G3 -> 0
AA402: =May!G4 -> 0
AA403: =May!G5 -> 0
AA404: =May!G6 -> 0
AA405: =May!G7 -> 0
AA406: =May!G8 -> 0
AA407: =May!G9 -> 0
AA408: =May!G10 -> 0
AA409: =May!G11 -> 0
AA410: =May!G12 -> 0
AA411: =May!G13 -> 0
... AA499: =May!G101 -> 0
AA501: =Jun!G2 -> 0
AA502: =Jun!G3 -> 0
AA503: =Jun!G4 -> 0
AA504: =Jun!G5 -> 0
AA505: =Jun!G6 -> 0
AA506: =Jun!G7 -> 0
AA507: =Jun!G8 -> 0
AA508: =Jun!G9 -> 0
AA509: =Jun!G10 -> 0
AA510: =Jun!G11 -> 0
AA511: =Jun!G12 -> 0
AA512: =Jun!G13 -> 0
...

Sheet Jan
A1: Date | B1: Asset Manager | C1: Investment | D1: Company | E1: Value | G1: Summary | H1: Value | I1: Lists | N1: List | O1: Value
A2: ='2024 Summary'!A3 -> 45292 | G2: {=_xlfn._xlws.SORT(_xlfn.UNIQUE(D2:D1000))} -> 0 | H2: =SUMIF($D$2:$D$1000,G2,$E$2:$E$1000) -> 0 | N2: UN Blacklist 2023 | O2: =SUMIF($I$2:$I$1000,"*UN Blacklist 2023*",$H$2:$H$1000) -> 0
H3: =SUMIF($D$2:$D$1000,G3,$E$2:$E$1000) -> 0 | N3: UN Blacklist 2025 | O3: =SUMIF($I$2:$I$1000,"*UN Blacklist 2025*",$H$2:$H$1000) -> 0
H4: =SUMIF($D$2:$D$1000,G4,$E$2:$E$1000) -> 0 | N4: AFSC Divestment List 2025 | O4: =SUMIF($I$2:$I$971000,"*AFSC Divestment List 2025*",$H$2:$H$1000) -> 0
H5: =SUMIF($D$2:$D$1000,G5,$E$2:$E$1000) -> 0 | N5: WhoProfits | O5: =SUMIF($I$2:$I$1000,"*Who Profits*",$H$2:$H$1000) -> 0
H6: =SUMIF($D$2:$D$1000,G6,$E$2:$E$1000) -> 0
H7: =SUMIF($D$2:$D$1000,G7,$E$2:$E$1000) -> 0 | N7: Bank | O7: Value
H8: =SUMIF($D$2:$D$1000,G8,$E$2:$E$1000) -> 0 | N8: Danske Bank | O8: =SUMIF($B$2:$B$1000,"*Danske Bank*",$E$2:$E$1000) -> 0
H9: =SUMIF($D$2:$D$1000,G9,$E$2:$E$1000) -> 0 | N9: Jyske Bank | O9: =SUMIF($B$2:$B$1000,"*Jyske Bank*",$E$2:$E$1000) -> 0
H10: =SUMIF($D$2:$D$1000,G10,$E$2:$E$1000) -> 0 | N10: SEB | O10: =SUMIF($B$2:$B$1000,"*SEB*",$E$2:$E$1000) -> 0
H11: =SUMIF($D$2:$D$1000,G11,$E$2:$E$1000) -> 0
H12: =SUMIF($D$2:$D$1000,G12,$E$2:$E$1000) -> 0 | N12: Total
H13: =SUMIF($D$2:$D$1000,G13,$E$2:$E$1000) -> 0 | N13: =SUM(E2:E1000) -> 0
H14: =SUMIF($D$2:$D$1000,G14,$E$2:$E$1000) -> 0
H15: =SUMIF($D$2:$D$1000,G15,$E$2:$E$1000) -> 0
H16: =SUMIF($D$2:$D$1000,G16,$E$2:$E$1000) -> 0
H17: =SUMIF($D$2:$D$1000,G17,$E$2:$E$1000) -> 0
H18: =SUMIF($D$2:$D$1000,G18,$E$2:$E$1000) -> 0
H19: =SUMIF($D$2:$D$1000,G19,$E$2:$E$1000) -> 0
H20: =SUMIF($D$2:$D$1000,G20,$E$2:$E$1000) -> 0
H21: =SUMIF($D$2:$D$1000,G21,$E$2:$E$1000) -> 0
H22: =SUMIF($D$2:$D$1000,G22,$E$2:$E$1000) -> 0
H23: =SUMIF($D$2:$D$1000,G23,$E$2:$E$1000) -> 0
H24: =SUMIF($D$2:$D$1000,G24,$E$2:$E$1000) -> 0
H25: =SUMIF($D$2:$D$1000,G25,$E$2:$E$1000) -> 0
... H151: =SUMIF($D$2:$D$1000,G151,$E$2:$E$1000) -> 0

Sheet Feb
A1: Date | B1: Asset Manager | C1: Investment | D1: Company | E1: Value | G1: Summary | H1: Value | I1: Lists | N1: List | O1: Value
A2: ='2024 Summary'!A4 -> 45323 | G2: {=_xlfn._xlws.SORT(_xlfn.UNIQUE(D2:D1000))} -> 0 | H2: =SUMIF($D$2:$D$1000,G2,$E$2:$E$1000) -> 0 | N2: UN Blacklist 2023 | O2: =SUMIF($I$2:$I$1000,"*UN Blacklist 2023*",$H$2:$H$1000) -> 0
H3: =SUMIF($D$2:$D$1000,G3,$E$2:$E$1000) -> 0 | N3: UN Blacklist 2025 | O3: =SUMIF($I$2:$I$1000,"*UN Blacklist 2025*",$H$2:$H$1000) -> 0
H4: =SUMIF($D$2:$D$1000,G4,$E$2:$E$1000) -> 0 | N4: AFSC Divestment List 2025 | O4: =SUMIF($I$2:$I$971000,"*AFSC Divestment List 2025*",$H$2:$H$1000) -> 0
H5: =SUMIF($D$2:$D$1000,G5,$E$2:$E$1000) -> 0 | N5: WhoProfits | O5: =SUMIF($I$2:$I$1000,"*Who Profits*",$H$2:$H$1000) -> 0
H6: =SUMIF($D$2:$D$1000,G6,$E$2:$E$1000) -> 0
H7: =SUMIF($D$2:$D$1000,G7,$E$2:$E$1000) -> 0 | N7: Bank | O7: Value
H8: =SUMIF($D$2:$D$1000,G8,$E$2:$E$1000) -> 0 | N8: Danske Bank | O8: =SUMIF($B$2:$B$1000,"*Danske Bank*",$E$2:$E$1000) -> 0
H9: =SUMIF($D$2:$D$1000,G9,$E$2:$E$1000) -> 0 | N9: Jyske Bank | O9: =SUMIF($B$2:$B$1000,"*Jyske Bank*",$E$2:$E$1000) -> 0
H10: =SUMIF($D$2:$D$1000,G10,$E$2:$E$1000) -> 0 | N10: SEB | O10: =SUMIF($B$2:$B$1000,"*SEB*",$E$2:$E$1000) -> 0
H11: =SUMIF($D$2:$D$1000,G11,$E$2:$E$1000) -> 0
H12: =SUMIF($D$2:$D$1000,G12,$E$2:$E$1000) -> 0 | N12: Total
H13: =SUMIF($D$2:$D$1000,G13,$E$2:$E$1000) -> 0 | N13: =SUM(E2:E1000) -> 0
H14: =SUMIF($D$2:$D$1000,G14,$E$2:$E$1000) -> 0
H15: =SUMIF($D$2:$D$1000,G15,$E$2:$E$1000) -> 0
H16: =SUMIF($D$2:$D$1000,G16,$E$2:$E$1000) -> 0
H17: =SUMIF($D$2:$D$1000,G17,$E$2:$E$1000) -> 0
H18: =SUMIF($D$2:$D$1000,G18,$E$2:$E$1000) -> 0
H19: =SUMIF($D$2:$D$1000,G19,$E$2:$E$1000) -> 0
H20: =SUMIF($D$2:$D$1000,G20,$E$2:$E$1000) -> 0
H21: =SUMIF($D$2:$D$1000,G21,$E$2:$E$1000) -> 0
H22: =SUMIF($D$2:$D$1000,G22,$E$2:$E$1000) -> 0
H23: =SUMIF($D$2:$D$1000,G23,$E$2:$E$1000) -> 0
H24: =SUMIF($D$2:$D$1000,G24,$E$2:$E$1000) -> 0
H25: =SUMIF($D$2:$D$1000,G25,$E$2:$E$1000) -> 0
... H151: =SUMIF($D$2:$D$1000,G151,$E$2:$E$1000) -> 0

Sheet Mar
A1: Date | B1: Asset Manager | C1: Investment | D1: Company | E1: Value | G1: Summary | H1: Value | I1: Lists | N1: List | O1: Value
A2: ='2024 Summary'!A5 -> 45354 | G2: {=_xlfn._xlws.SORT(_xlfn.UNIQUE(D2:D1000))} -> 0 | H2: =SUMIF($D$2:$D$1000,G2,$E$2:$E$1000) -> 0 | N2: UN Blacklist 2023 | O2: =SUMIF($I$2:$I$1000,"*UN Blacklist 2023*",$H$2:$H$1000) -> 0
H3: =SUMIF($D$2:$D$1000,G3,$E$2:$E$1000) -> 0 | N3: UN Blacklist 2025 | O3: =SUMIF($I$2:$I$1000,"*UN Blacklist 2025*",$H$2:$H$1000) -> 0
H4: =SUMIF($D$2:$D$1000,G4,$E$2:$E$1000) -> 0 | N4: AFSC Divestment List 2025 | O4: =SUMIF($I$2:$I$971000,"*AFSC Divestment List 2025*",$H$2:$H$1000) -> 0
H5: =SUMIF($D$2:$D$1000,G5,$E$2:$E$1000) -> 0 | N5: WhoProfits | O5: =SUMIF($I$2:$I$1000,"*Who Profits*",$H$2:$H$1000) -> 0
H6: =SUMIF($D$2:$D$1000,G6,$E$2:$E$1000) -> 0
H7: =SUMIF($D$2:$D$1000,G7,$E$2:$E$1000) -> 0 | N7: Bank | O7: Value
H8: =SUMIF($D$2:$D$1000,G8,$E$2:$E$1000) -> 0 | N8: Danske Bank | O8: =SUMIF($B$2:$B$1000,"*Danske Bank*",$E$2:$E$1000) -> 0
H9: =SUMIF($D$2:$D$1000,G9,$E$2:$E$1000) -> 0 | N9: Jyske Bank | O9: =SUMIF($B$2:$B$1000,"*Jyske Bank*",$E$2:$E$1000) -> 0
H10: =SUMIF($D$2:$D$1000,G10,$E$2:$E$1000) -> 0 | N10: SEB | O10: =SUMIF($B$2:$B$1000,"*SEB*",$E$2:$E$1000) -> 0
H11: =SUMIF($D$2:$D$1000,G11,$E$2:$E$1000) -> 0
H12: =SUMIF($D$2:$D$1000,G12,$E$2:$E$1000) -> 0 | N12: Total
H13: =SUMIF($D$2:$D$1000,G13,$E$2:$E$1000) -> 0 | N13: =SUM(E2:E1000) -> 0
H14: =SUMIF($D$2:$D$1000,G14,$E$2:$E$1000) -> 0
H15: =SUMIF($D$2:$D$1000,G15,$E$2:$E$1000) -> 0
H16: =SUMIF($D$2:$D$1000,G16,$E$2:$E$1000) -> 0
H17: =SUMIF($D$2:$D$1000,G17,$E$2:$E$1000) -> 0
H18: =SUMIF($D$2:$D$1000,G18,$E$2:$E$1000) -> 0
H19: =SUMIF($D$2:$D$1000,G19,$E$2:$E$1000) -> 0
H20: =SUMIF($D$2:$D$1000,G20,$E$2:$E$1000) -> 0
H21: =SUMIF($D$2:$D$1000,G21,$E$2:$E$1000) -> 0
H22: =SUMIF($D$2:$D$1000,G22,$E$2:$E$1000) -> 0
H23: =SUMIF($D$2:$D$1000,G23,$E$2:$E$1000) -> 0
H24: =SUMIF($D$2:$D$1000,G24,$E$2:$E$1000) -> 0
H25: =SUMIF($D$2:$D$1000,G25,$E$2:$E$1000) -> 0
... H151: =SUMIF($D$2:$D$1000,G151,$E$2:$E$1000) -> 0

Sheet Apr
A1: Date | B1: Asset Manager | C1: Investment | D1: Company | E1: Value | G1: Summary | H1: Value | I1: Lists | N1: List | O1: Value
A2: ='2024 Summary'!A6 -> 45385 | G2: {=_xlfn._xlws.SORT(_xlfn.UNIQUE(D2:D1000))} -> 0 | H2: =SUMIF($D$2:$D$1000,G2,$E$2:$E$1000) -> 0 | N2: UN Blacklist 2023 | O2: =SUMIF($I$2:$I$1000,"*UN Blacklist 2023*",$H$2:$H$1000) -> 0
H3: =SUMIF($D$2:$D$1000,G3,$E$2:$E$1000) -> 0 | N3: UN Blacklist 2025 | O3: =SUMIF($I$2:$I$1000,"*UN Blacklist 2025*",$H$2:$H$1000) -> 0
H4: =SUMIF($D$2:$D$1000,G4,$E$2:$E$1000) -> 0 | N4: AFSC Divestment List 2025 | O4: =SUMIF($I$2:$I$971000,"*AFSC Divestment List 2025*",$H$2:$H$1000) -> 0
H5: =SUMIF($D$2:$D$1000,G5,$E$2:$E$1000) -> 0 | N5: WhoProfits | O5: =SUMIF($I$2:$I$1000,"*Who Profits*",$H$2:$H$1000) -> 0
H6: =SUMIF($D$2:$D$1000,G6,$E$2:$E$1000) -> 0
H7: =SUMIF($D$2:$D$1000,G7,$E$2:$E$1000) -> 0 | N7: Bank | O7: Value
H8: =SUMIF($D$2:$D$1000,G8,$E$2:$E$1000) -> 0 | N8: Danske Bank | O8: =SUMIF($B$2:$B$1000,"*Danske Bank*",$E$2:$E$1000) -> 0
H9: =SUMIF($D$2:$D$1000,G9,$E$2:$E$1000) -> 0 | N9: Jyske Bank | O9: =SUMIF($B$2:$B$1000,"*Jyske Bank*",$E$2:$E$1000) -> 0
H10: =SUMIF($D$2:$D$1000,G10,$E$2:$E$1000) -> 0 | N10: SEB | O10: =SUMIF($B$2:$B$1000,"*SEB*",$E$2:$E$1000) -> 0
H11: =SUMIF($D$2:$D$1000,G11,$E$2:$E$1000) -> 0
H12: =SUMIF($D$2:$D$1000,G12,$E$2:$E$1000) -> 0 | N12: Total
H13: =SUMIF($D$2:$D$1000,G13,$E$2:$E$1000) -> 0 | N13: =SUM(E2:E1000) -> 0
H14: =SUMIF($D$2:$D$1000,G14,$E$2:$E$1000) -> 0
H15: =SUMIF($D$2:$D$1000,G15,$E$2:$E$1000) -> 0
H16: =SUMIF($D$2:$D$1000,G16,$E$2:$E$1000) -> 0
H17: =SUMIF($D$2:$D$1000,G17,$E$2:$E$1000) -> 0
H18: =SUMIF($D$2:$D$1000,G18,$E$2:$E$1000) -> 0
H19: =SUMIF($D$2:$D$1000,G19,$E$2:$E$1000) -> 0
H20: =SUMIF($D$2:$D$1000,G20,$E$2:$E$1000) -> 0
H21: =SUMIF($D$2:$D$1000,G21,$E$2:$E$1000) -> 0
H22: =SUMIF($D$2:$D$1000,G22,$E$2:$E$1000) -> 0
H23: =SUMIF($D$2:$D$1000,G23,$E$2:$E$1000) -> 0
H24: =SUMIF($D$2:$D$1000,G24,$E$2:$E$1000) -> 0
H25: =SUMIF($D$2:$D$1000,G25,$E$2:$E$1000) -> 0
... H151: =SUMIF($D$2:$D$1000,G151,$E$2:$E$1000) -> 0

Sheet May
A1: Date | B1: Asset Manager | C1: Investment | D1: Company | E1: Value | G1: Summary | H1: Value | I1: Lists | N1: List | O1: Value
A2: ='2024 Summary'!A7 -> 45416 | G2: {=_xlfn._xlws.SORT(_xlfn.UNIQUE(D2:D1000))} -> 0 | H2: =SUMIF($D$2:$D$1000,G2,$E$2:$E$1000) -> 0 | N2: UN Blacklist 2023 | O2: =SUMIF($I$2:$I$1000,"*UN Blacklist 2023*",$H$2:$H$1000) -> 0
H3: =SUMIF($D$2:$D$1000,G3,$E$2:$E$1000) -> 0 | N3: UN Blacklist 2025 | O3: =SUMIF($I$2:$I$1000,"*UN Blacklist 2025*",$H$2:$H$1000) -> 0
H4: =SUMIF($D$2:$D$1000,G4,$E$2:$E$1000) -> 0 | N4: AFSC Divestment List 2025 | O4: =SUMIF($I$2:$I$971000,"*AFSC Divestment List 2025*",$H$2:$H$1000) -> 0
H5: =SUMIF($D$2:$D$1000,G5,$E$2:$E$1000) -> 0 | N5: WhoProfits | O5: =SUMIF($I$2:$I$1000,"*Who Profits*",$H$2:$H$1000) -> 0
H6: =SUMIF($D$2:$D$1000,G6,$E$2:$E$1000) -> 0
H7: =SUMIF($D$2:$D$1000,G7,$E$2:$E$1000) -> 0 | N7: Bank | O7: Value
H8: =SUMIF($D$2:$D$1000,G8,$E$2:$E$1000) -> 0 | N8: Danske Bank | O8: =SUMIF($B$2:$B$1000,"*Danske Bank*",$E$2:$E$1000) -> 0
H9: =SUMIF($D$2:$D$1000,G9,$E$2:$E$1000) -> 0 | N9: Jyske Bank | O9: =SUMIF($B$2:$B$1000,"*Jyske Bank*",$E$2:$E$1000) -> 0
H10: =SUMIF($D$2:$D$1000,G10,$E$2:$E$1000) -> 0 | N10: SEB | O10: =SUMIF($B$2:$B$1000,"*SEB*",$E$2:$E$1000) -> 0
H11: =SUMIF($D$2:$D$1000,G11,$E$2:$E$1000) -> 0
H12: =SUMIF($D$2:$D$1000,G12,$E$2:$E$1000) -> 0 | N12: Total
H13: =SUMIF($D$2:$D$1000,G13,$E$2:$E$1000) -> 0 | N13: =SUM(E2:E1000) -> 0
H14: =SUMIF($D$2:$D$1000,G14,$E$2:$E$1000) -> 0
H15: =SUMIF($D$2:$D$1000,G15,$E$2:$E$1000) -> 0
H16: =SUMIF($D$2:$D$1000,G16,$E$2:$E$1000) -> 0
H17: =SUMIF($D$2:$D$1000,G17,$E$2:$E$1000) -> 0
H18: =SUMIF($D$2:$D$1000,G18,$E$2:$E$1000) -> 0
H19: =SUMIF($D$2:$D$1000,G19,$E$2:$E$1000) -> 0
H20: =SUMIF($D$2:$D$1000,G20,$E$2:$E$1000) -> 0
H21: =SUMIF($D$2:$D$1000,G21,$E$2:$E$1000) -> 0
H22: =SUMIF($D$2:$D$1000,G22,$E$2:$E$1000) -> 0
H23: =SUMIF($D$2:$D$1000,G23,$E$2:$E$1000) -> 0
H24: =SUMIF($D$2:$D$1000,G24,$E$2:$E$1000) -> 0
H25: =SUMIF($D$2:$D$1000,G25,$E$2:$E$1000) -> 0
... H151: =SUMIF($D$2:$D$1000,G151,$E$2:$E$1000) -> 0

Sheet Jun
A1: Date | B1: Asset Manager | C1: Investment | D1: Company | E1: Value | G1: Summary | H1: Value | I1: Lists | N1: List | O1: Value
A2: ='2024 Summary'!A8 -> 45447 | G2: {=_xlfn._xlws.SORT(_xlfn.UNIQUE(D2:D1000))} -> 0 | H2: =SUMIF($D$2:$D$1000,G2,$E$2:$E$1000) -> 0 | N2: UN Blacklist 2023 | O2: =SUMIF($I$2:$I$1000,"*UN Blacklist 2023*",$H$2:$H$1000) -> 0
H3: =SUMIF($D$2:$D$1000,G3,$E$2:$E$1000) -> 0 | N3: UN Blacklist 2025 | O3: =SUMIF($I$2:$I$1000,"*UN Blacklist 2025*",$H$2:$H$1000) -> 0
H4: =SUMIF($D$2:$D$1000,G4,$E$2:$E$1000) -> 0 | N4: AFSC Divestment List 2025 | O4: =SUMIF($I$2:$I$971000,"*AFSC Divestment List 2025*",$H$2:$H$1000) -> 0
H5: =SUMIF($D$2:$D$1000,G5,$E$2:$E$1000) -> 0 | N5: WhoProfits | O5: =SUMIF($I$2:$I$1000,"*Who Profits*",$H$2:$H$1000) -> 0
H6: =SUMIF($D$2:$D$1000,G6,$E$2:$E$1000) -> 0
H7: =SUMIF($D$2:$D$1000,G7,$E$2:$E$1000) -> 0 | N7: Bank | O7: Value
H8: =SUMIF($D$2:$D$1000,G8,$E$2:$E$1000) -> 0 | N8: Danske Bank | O8: =SUMIF($B$2:$B$1000,"*Danske Bank*",$E$2:$E$1000) -> 0
H9: =SUMIF($D$2:$D$1000,G9,$E$2:$E$1000) -> 0 | N9: Jyske Bank | O9: =SUMIF($B$2:$B$1000,"*Jyske Bank*",$E$2:$E$1000) -> 0
H10: =SUMIF($D$2:$D$1000,G10,$E$2:$E$1000) -> 0 | N10: SEB | O10: =SUMIF($B$2:$B$1000,"*SEB*",$E$2:$E$1000) -> 0
H11: =SUMIF($D$2:$D$1000,G11,$E$2:$E$1000) -> 0
H12: =SUMIF($D$2:$D$1000,G12,$E$2:$E$1000) -> 0 | N12: Total
H13: =SUMIF($D$2:$D$1000,G13,$E$2:$E$1000) -> 0 | N13: =SUM(E2:E1000) -> 0
H14: =SUMIF($D$2:$D$1000,G14,$E$2:$E$1000) -> 0
H15: =SUMIF($D$2:$D$1000,G15,$E$2:$E$1000) -> 0
H16: =SUMIF($D$2:$D$1000,G16,$E$2:$E$1000) -> 0
H17: =SUMIF($D$2:$D$1000,G17,$E$2:$E$1000) -> 0
H18: =SUMIF($D$2:$D$1000,G18,$E$2:$E$1000) -> 0
H19: =SUMIF($D$2:$D$1000,G19,$E$2:$E$1000) -> 0
H20: =SUMIF($D$2:$D$1000,G20,$E$2:$E$1000) -> 0
H21: =SUMIF($D$2:$D$1000,G21,$E$2:$E$1000) -> 0
H22: =SUMIF($D$2:$D$1000,G22,$E$2:$E$1000) -> 0
H23: =SUMIF($D$2:$D$1000,G23,$E$2:$E$1000) -> 0
H24: =SUMIF($D$2:$D$1000,G24,$E$2:$E$1000) -> 0
H25: =SUMIF($D$2:$D$1000,G25,$E$2:$E$1000) -> 0
... H151: =SUMIF($D$2:$D$1000,G151,$E$2:$E$1000) -> 0

Sheet Jul
A1: Date | B1: Asset Manager | C1: Investment | D1: Company | E1: Value | G1: Summary | H1: Value | I1: Lists | N1: List | O1: Value
A2: ='2024 Summary'!A9 -> 45478 | G2: {=_xlfn._xlws.SORT(_xlfn.UNIQUE(D2:D1000))} -> 0 | H2: =SUMIF($D$2:$D$1000,G2,$E$2:$E$1000) -> 0 | N2: UN Blacklist 2023 | O2: =SUMIF($I$2:$I$1000,"*UN Blacklist 2023*",$H$2:$H$1000) -> 0
H3: =SUMIF($D$2:$D$1000,G3,$E$2:$E$1000) -> 0 | N3: UN Blacklist 2025 | O3: =SUMIF($I$2:$I$1000,"*UN Blacklist 2025*",$H$2:$H$1000) -> 0
H4: =SUMIF($D$2:$D$1000,G4,$E$2:$E$1000) -> 0 | N4: AFSC Divestment List 2025 | O4: =SUMIF($I$2:$I$971000,"*AFSC Divestment List 2025*",$H$2:$H$1000) -> 0
H5: =SUMIF($D$2:$D$1000,G5,$E$2:$E$1000) -> 0 | N5: WhoProfits | O5: =SUMIF($I$2:$I$1000,"*Who Profits*",$H$2:$H$1000) -> 0
H6: =SUMIF($D$2:$D$1000,G6,$E$2:$E$1000) -> 0
H7: =SUMIF($D$2:$D$1000,G7,$E$2:$E$1000) -> 0 | N7: Bank | O7: Value
H8: =SUMIF($D$2:$D$1000,G8,$E$2:$E$1000) -> 0 | N8: Danske Bank | O8: =SUMIF($B$2:$B$1000,"*Danske Bank*",$E$2:$E$1000) -> 0
H9: =SUMIF($D$2:$D$1000,G9,$E$2:$E$1000) -> 0 | N9: Jyske Bank | O9: =SUMIF($B$2:$B$1000,"*Jyske Bank*",$E$2:$E$1000) -> 0
H10: =SUMIF($D$2:$D$1000,G10,$E$2:$E$1000) -> 0 | N10: SEB | O10: =SUMIF($B$2:$B$1000,"*SEB*",$E$2:$E$1000) -> 0
H11: =SUMIF($D$2:$D$1000,G11,$E$2:$E$1000) -> 0
H12: =SUMIF($D$2:$D$1000,G12,$E$2:$E$1000) -> 0 | N12: Total
H13: =SUMIF($D$2:$D$1000,G13,$E$2:$E$1000) -> 0 | N13: =SUM(E2:E1000) -> 0
H14: =SUMIF($D$2:$D$1000,G14,$E$2:$E$1000) -> 0
H15: =SUMIF($D$2:$D$1000,G15,$E$2:$E$1000) -> 0
H16: =SUMIF($D$2:$D$1000,G16,$E$2:$E$1000) -> 0
H17: =SUMIF($D$2:$D$1000,G17,$E$2:$E$1000) -> 0
H18: =SUMIF($D$2:$D$1000,G18,$E$2:$E$1000) -> 0
H19: =SUMIF($D$2:$D$1000,G19,$E$2:$E$1000) -> 0
H20: =SUMIF($D$2:$D$1000,G20,$E$2:$E$1000) -> 0
H21: =SUMIF($D$2:$D$1000,G21,$E$2:$E$1000) -> 0
H22: =SUMIF($D$2:$D$1000,G22,$E$2:$E$1000) -> 0
H23: =SUMIF($D$2:$D$1000,G23,$E$2:$E$1000) -> 0
H24: =SUMIF($D$2:$D$1000,G24,$E$2:$E$1000) -> 0
H25: =SUMIF($D$2:$D$1000,G25,$E$2:$E$1000) -> 0
... H151: =SUMIF($D$2:$D$1000,G151,$E$2:$E$1000) -> 0

Sheet Aug
A1: Date | B1: Asset Manager | C1: Investment | D1: Company | E1: Value | G1: Summary | H1: Value | I1: Lists | N1: List | O1: Value
A2: ='2024 Summary'!A10 -> 45509 | G2: {=_xlfn._xlws.SORT(_xlfn.UNIQUE(D2:D1000))} -> 0 | H2: =SUMIF($D$2:$D$1000,G2,$E$2:$E$1000) -> 0 | N2: UN Blacklist 2023 | O2: =SUMIF($I$2:$I$1000,"*UN Blacklist 2023*",$H$2:$H$1000) -> 0
H3: =SUMIF($D$2:$D$1000,G3,$E$2:$E$1000) -> 0 | N3: UN Blacklist 2025 | O3: =SUMIF($I$2:$I$1000,"*UN Blacklist 2025*",$H$2:$H$1000) -> 0
H4: =SUMIF($D$2:$D$1000,G4,$E$2:$E$1000) -> 0 | N4: AFSC Divestment List 2025 | O4: =SUMIF($I$2:$I$971000,"*AFSC Divestment List 2025*",$H$2:$H$1000) -> 0
H5: =SUMIF($D$2:$D$1000,G5,$E$2:$E$1000) -> 0 | N5: WhoProfits | O5: =SUMIF($I$2:$I$1000,"*Who Profits*",$H$2:$H$1000) -> 0
H6: =SUMIF($D$2:$D$1000,G6,$E$2:$E$1000) -> 0
H7: =SUMIF($D$2:$D$1000,G7,$E$2:$E$1000) -> 0 | N7: Bank | O7: Value
H8: =SUMIF($D$2:$D$1000,G8,$E$2:$E$1000) -> 0 | N8: Danske Bank | O8: =SUMIF($B$2:$B$1000,"*Danske Bank*",$E$2:$E$1000) -> 0
H9: =SUMIF($D$2:$D$1000,G9,$E$2:$E$1000) -> 0 | N9: Jyske Bank | O9: =SUMIF($B$2:$B$1000,"*Jyske Bank*",$E$2:$E$1000) -> 0
H10: =SUMIF($D$2:$D$1000,G10,$E$2:$E$1000) -> 0 | N10: SEB | O10: =SUMIF($B$2:$B$1000,"*SEB*",$E$2:$E$1000) -> 0
H11: =SUMIF($D$2:$D$1000,G11,$E$2:$E$1000) -> 0
H12: =SUMIF($D$2:$D$1000,G12,$E$2:$E$1000) -> 0 | N12: Total
H13: =SUMIF($D$2:$D$1000,G13,$E$2:$E$1000) -> 0 | N13: =SUM(E2:E1000) -> 0
H14: =SUMIF($D$2:$D$1000,G14,$E$2:$E$1000) -> 0
H15: =SUMIF($D$2:$D$1000,G15,$E$2:$E$1000) -> 0
H16: =SUMIF($D$2:$D$1000,G16,$E$2:$E$1000) -> 0
H17: =SUMIF($D$2:$D$1000,G17,$E$2:$E$1000) -> 0
H18: =SUMIF($D$2:$D$1000,G18,$E$2:$E$1000) -> 0
H19: =SUMIF($D$2:$D$1000,G19,$E$2:$E$1000) -> 0
H20: =SUMIF($D$2:$D$1000,G20,$E$2:$E$1000) -> 0
H21: =SUMIF($D$2:$D$1000,G21,$E$2:$E$1000) -> 0
H22: =SUMIF($D$2:$D$1000,G22,$E$2:$E$1000) -> 0
H23: =SUMIF($D$2:$D$1000,G23,$E$2:$E$1000) -> 0
H24: =SUMIF($D$2:$D$1000,G24,$E$2:$E$1000) -> 0
H25: =SUMIF($D$2:$D$1000,G25,$E$2:$E$1000) -> 0
... H151: =SUMIF($D$2:$D$1000,G151,$E$2:$E$1000) -> 0

Sheet Sep
A1: Date | B1: Asset Manager | C1: Investment | D1: Company | E1: Value | G1: Summary | H1: Value | I1: Lists | N1: List | O1: Value
A2: ='2024 Summary'!A11 -> 45540 | G2: {=_xlfn._xlws.SORT(_xlfn.UNIQUE(D2:D1000))} -> 0 | H2: =SUMIF($D$2:$D$1000,G2,$E$2:$E$1000) -> 0 | N2: UN Blacklist 2023 | O2: =SUMIF($I$2:$I$1000,"*UN Blacklist 2023*",$H$2:$H$1000) -> 0
H3: =SUMIF($D$2:$D$1000,G3,$E$2:$E$1000) -> 0 | N3: UN Blacklist 2025 | O3: =SUMIF($I$2:$I$1000,"*UN Blacklist 2025*",$H$2:$H$1000) -> 0
H4: =SUMIF($D$2:$D$1000,G4,$E$2:$E$1000) -> 0 | N4: AFSC Divestment List 2025 | O4: =SUMIF($I$2:$I$971000,"*AFSC Divestment List 2025*",$H$2:$H$1000) -> 0
H5: =SUMIF($D$2:$D$1000,G5,$E$2:$E$1000) -> 0 | N5: WhoProfits | O5: =SUMIF($I$2:$I$1000,"*Who Profits*",$H$2:$H$1000) -> 0
H6: =SUMIF($D$2:$D$1000,G6,$E$2:$E$1000) -> 0
H7: =SUMIF($D$2:$D$1000,G7,$E$2:$E$1000) -> 0 | N7: Bank | O7: Value
H8: =SUMIF($D$2:$D$1000,G8,$E$2:$E$1000) -> 0 | N8: Danske Bank | O8: =SUMIF($B$2:$B$1000,"*Danske Bank*",$E$2:$E$1000) -> 0
H9: =SUMIF($D$2:$D$1000,G9,$E$2:$E$1000) -> 0 | N9: Jyske Bank | O9: =SUMIF($B$2:$B$1000,"*Jyske Bank*",$E$2:$E$1000) -> 0
H10: =SUMIF($D$2:$D$1000,G10,$E$2:$E$1000) -> 0 | N10: SEB | O10: =SUMIF($B$2:$B$1000,"*SEB*",$E$2:$E$1000) -> 0
H11: =SUMIF($D$2:$D$1000,G11,$E$2:$E$1000) -> 0
H12: =SUMIF($D$2:$D$1000,G12,$E$2:$E$1000) -> 0 | N12: Total
H13: =SUMIF($D$2:$D$1000,G13,$E$2:$E$1000) -> 0 | N13: =SUM(E2:E1000) -> 0
H14: =SUMIF($D$2:$D$1000,G14,$E$2:$E$1000) -> 0
H15: =SUMIF($D$2:$D$1000,G15,$E$2:$E$1000) -> 0
H16: =SUMIF($D$2:$D$1000,G16,$E$2:$E$1000) -> 0
H17: =SUMIF($D$2:$D$1000,G17,$E$2:$E$1000) -> 0
H18: =SUMIF($D$2:$D$1000,G18,$E$2:$E$1000) -> 0
H19: =SUMIF($D$2:$D$1000,G19,$E$2:$E$1000) -> 0
H20: =SUMIF($D$2:$D$1000,G20,$E$2:$E$1000) -> 0
H21: =SUMIF($D$2:$D$1000,G21,$E$2:$E$1000) -> 0
H22: =SUMIF($D$2:$D$1000,G22,$E$2:$E$1000) -> 0
H23: =SUMIF($D$2:$D$1000,G23,$E$2:$E$1000) -> 0
H24: =SUMIF($D$2:$D$1000,G24,$E$2:$E$1000) -> 0
H25: =SUMIF($D$2:$D$1000,G25,$E$2:$E$1000) -> 0
... H151: =SUMIF($D$2:$D$1000,G151,$E$2:$E$1000) -> 0

Sheet Oct
A1: Date | B1: Asset Manager | C1: Investment | D1: Company | E1: Value | G1: Summary | H1: Value | I1: Lists | N1: List | O1: Value
A2: ='2024 Summary'!A12 -> 45571 | G2: {=_xlfn._xlws.SORT(_xlfn.UNIQUE(D2:D1000))} -> 0 | H2: =SUMIF($D$2:$D$1000,G2,$E$2:$E$1000) -> 0 | N2: UN Blacklist 2023 | O2: =SUMIF($I$2:$I$1000,"*UN Blacklist 2023*",$H$2:$H$1000) -> 0
H3: =SUMIF($D$2:$D$1000,G3,$E$2:$E$1000) -> 0 | N3: UN Blacklist 2025 | O3: =SUMIF($I$2:$I$1000,"*UN Blacklist 2025*",$H$2:$H$1000) -> 0
H4: =SUMIF($D$2:$D$1000,G4,$E$2:$E$1000) -> 0 | N4: AFSC Divestment List 2025 | O4: =SUMIF($I$2:$I$971000,"*AFSC Divestment List 2025*",$H$2:$H$1000) -> 0
H5: =SUMIF($D$2:$D$1000,G5,$E$2:$E$1000) -> 0 | N5: WhoProfits | O5: =SUMIF($I$2:$I$1000,"*Who Profits*",$H$2:$H$1000) -> 0
H6: =SUMIF($D$2:$D$1000,G6,$E$2:$E$1000) -> 0
H7: =SUMIF($D$2:$D$1000,G7,$E$2:$E$1000) -> 0 | N7: Bank | O7: Value
H8: =SUMIF($D$2:$D$1000,G8,$E$2:$E$1000) -> 0 | N8: Danske Bank | O8: =SUMIF($B$2:$B$1000,"*Danske Bank*",$E$2:$E$1000) -> 0
H9: =SUMIF($D$2:$D$1000,G9,$E$2:$E$1000) -> 0 | N9: Jyske Bank | O9: =SUMIF($B$2:$B$1000,"*Jyske Bank*",$E$2:$E$1000) -> 0
H10: =SUMIF($D$2:$D$1000,G10,$E$2:$E$1000) -> 0 | N10: SEB | O10: =SUMIF($B$2:$B$1000,"*SEB*",$E$2:$E$1000) -> 0
H11: =SUMIF($D$2:$D$1000,G11,$E$2:$E$1000) -> 0
H12: =SUMIF($D$2:$D$1000,G12,$E$2:$E$1000) -> 0 | N12: Total
H13: =SUMIF($D$2:$D$1000,G13,$E$2:$E$1000) -> 0 | N13: =SUM(E2:E1000) -> 0
H14: =SUMIF($D$2:$D$1000,G14,$E$2:$E$1000) -> 0
H15: =SUMIF($D$2:$D$1000,G15,$E$2:$E$1000) -> 0
H16: =SUMIF($D$2:$D$1000,G16,$E$2:$E$1000) -> 0
H17: =SUMIF($D$2:$D$1000,G17,$E$2:$E$1000) -> 0
H18: =SUMIF($D$2:$D$1000,G18,$E$2:$E$1000) -> 0
H19: =SUMIF($D$2:$D$1000,G19,$E$2:$E$1000) -> 0
H20: =SUMIF($D$2:$D$1000,G20,$E$2:$E$1000) -> 0
H21: =SUMIF($D$2:$D$1000,G21,$E$2:$E$1000) -> 0
H22: =SUMIF($D$2:$D$1000,G22,$E$2:$E$1000) -> 0
H23: =SUMIF($D$2:$D$1000,G23,$E$2:$E$1000) -> 0
H24: =SUMIF($D$2:$D$1000,G24,$E$2:$E$1000) -> 0
H25: =SUMIF($D$2:$D$1000,G25,$E$2:$E$1000) -> 0
... H151: =SUMIF($D$2:$D$1000,G151,$E$2:$E$1000) -> 0

Sheet Nov
A1: Date | B1: Asset Manager | C1: Investment | D1: Company | E1: Value | G1: Summary | H1: Value | I1: Lists | N1: List | O1: Value
A2: ='2024 Summary'!A13 -> 45602 | G2: {=_xlfn._xlws.SORT(_xlfn.UNIQUE(D2:D1000))} -> 0 | H2: =SUMIF($D$2:$D$1000,G2,$E$2:$E$1000) -> 0 | N2: UN Blacklist 2023 | O2: =SUMIF($I$2:$I$1000,"*UN Blacklist 2023*",$H$2:$H$1000) -> 0
H3: =SUMIF($D$2:$D$1000,G3,$E$2:$E$1000) -> 0 | N3: UN Blacklist 2025 | O3: =SUMIF($I$2:$I$1000,"*UN Blacklist 2025*",$H$2:$H$1000) -> 0
H4: =SUMIF($D$2:$D$1000,G4,$E$2:$E$1000) -> 0 | N4: AFSC Divestment List 2025 | O4: =SUMIF($I$2:$I$971000,"*AFSC Divestment List 2025*",$H$2:$H$1000) -> 0
H5: =SUMIF($D$2:$D$1000,G5,$E$2:$E$1000) -> 0 | N5: WhoProfits | O5: =SUMIF($I$2:$I$1000,"*Who Profits*",$H$2:$H$1000) -> 0
H6: =SUMIF($D$2:$D$1000,G6,$E$2:$E$1000) -> 0
H7: =SUMIF($D$2:$D$1000,G7,$E$2:$E$1000) -> 0 | N7: Bank | O7: Value
H8: =SUMIF($D$2:$D$1000,G8,$E$2:$E$1000) -> 0 | N8: Danske Bank | O8: =SUMIF($B$2:$B$1000,"*Danske Bank*",$E$2:$E$1000) -> 0
H9: =SUMIF($D$2:$D$1000,G9,$E$2:$E$1000) -> 0 | N9: Jyske Bank | O9: =SUMIF($B$2:$B$1000,"*Jyske Bank*",$E$2:$E$1000) -> 0
H10: =SUMIF($D$2:$D$1000,G10,$E$2:$E$1000) -> 0 | N10: SEB | O10: =SUMIF($B$2:$B$1000,"*SEB*",$E$2:$E$1000) -> 0
H11: =SUMIF($D$2:$D$1000,G11,$E$2:$E$1000) -> 0
H12: =SUMIF($D$2:$D$1000,G12,$E$2:$E$1000) -> 0 | N12: Total
H13: =SUMIF($D$2:$D$1000,G13,$E$2:$E$1000) -> 0 | N13: =SUM(E2:E1000) -> 0
H14: =SUMIF($D$2:$D$1000,G14,$E$2:$E$1000) -> 0
H15: =SUMIF($D$2:$D$1000,G15,$E$2:$E$1000) -> 0
H16: =SUMIF($D$2:$D$1000,G16,$E$2:$E$1000) -> 0
H17: =SUMIF($D$2:$D$1000,G17,$E$2:$E$1000) -> 0
H18: =SUMIF($D$2:$D$1000,G18,$E$2:$E$1000) -> 0
H19: =SUMIF($D$2:$D$1000,G19,$E$2:$E$1000) -> 0
H20: =SUMIF($D$2:$D$1000,G20,$E$2:$E$1000) -> 0
H21: =SUMIF($D$2:$D$1000,G21,$E$2:$E$1000) -> 0
H22: =SUMIF($D$2:$D$1000,G22,$E$2:$E$1000) -> 0
H23: =SUMIF($D$2:$D$1000,G23,$E$2:$E$1000) -> 0
H24: =SUMIF($D$2:$D$1000,G24,$E$2:$E$1000) -> 0
H25: =SUMIF($D$2:$D$1000,G25,$E$2:$E$1000) -> 0
... H151: =SUMIF($D$2:$D$1000,G151,$E$2:$E$1000) -> 0

Sheet Dec
A1: Date | B1: Asset Manager | C1: Investment | D1: Company | E1: Value | G1: Summary | H1: Value | I1: Lists | N1: List | O1: Value
A2: ='2024 Summary'!A14 -> 45633 | G2: {=_xlfn._xlws.SORT(_xlfn.UNIQUE(D2:D1000))} -> 0 | H2: =SUMIF($D$2:$D$1000,G2,$E$2:$E$1000) -> 0 | N2: UN Blacklist 2023 | O2: =SUMIF($I$2:$I$1000,"*UN Blacklist 2023*",$H$2:$H$1000) -> 0
H3: =SUMIF($D$2:$D$1000,G3,$E$2:$E$1000) -> 0 | N3: UN Blacklist 2025 | O3: =SUMIF($I$2:$I$1000,"*UN Blacklist 2025*",$H$2:$H$1000) -> 0
H4: =SUMIF($D$2:$D$1000,G4,$E$2:$E$1000) -> 0 | N4: AFSC Divestment List 2025 | O4: =SUMIF($I$2:$I$971000,"*AFSC Divestment List 2025*",$H$2:$H$1000) -> 0
H5: =SUMIF($D$2:$D$1000,G5,$E$2:$E$1000) -> 0 | N5: WhoProfits | O5: =SUMIF($I$2:$I$1000,"*Who Profits*",$H$2:$H$1000) -> 0
H6: =SUMIF($D$2:$D$1000,G6,$E$2:$E$1000) -> 0
H7: =SUMIF($D$2:$D$1000,G7,$E$2:$E$1000) -> 0 | N7: Bank | O7: Value
H8: =SUMIF($D$2:$D$1000,G8,$E$2:$E$1000) -> 0 | N8: Danske Bank | O8: =SUMIF($B$2:$B$1000,"*Danske Bank*",$E$2:$E$1000) -> 0
H9: =SUMIF($D$2:$D$1000,G9,$E$2:$E$1000) -> 0 | N9: Jyske Bank | O9: =SUMIF($B$2:$B$1000,"*Jyske Bank*",$E$2:$E$1000) -> 0
H10: =SUMIF($D$2:$D$1000,G10,$E$2:$E$1000) -> 0 | N10: SEB | O10: =SUMIF($B$2:$B$1000,"*SEB*",$E$2:$E$1000) -> 0
H11: =SUMIF($D$2:$D$1000,G11,$E$2:$E$1000) -> 0
H12: =SUMIF($D$2:$D$1000,G12,$E$2:$E$1000) -> 0 | N12: Total
H13: =SUMIF($D$2:$D$1000,G13,$E$2:$E$1000) -> 0 | N13: =SUM(E2:E1000) -> 0
H14: =SUMIF($D$2:$D$1000,G14,$E$2:$E$1000) -> 0
H15: =SUMIF($D$2:$D$1000,G15,$E$2:$E$1000) -> 0
H16: =SUMIF($D$2:$D$1000,G16,$E$2:$E$1000) -> 0
H17: =SUMIF($D$2:$D$1000,G17,$E$2:$E$1000) -> 0
H18: =SUMIF($D$2:$D$1000,G18,$E$2:$E$1000) -> 0
H19: =SUMIF($D$2:$D$1000,G19,$E$2:$E$1000) -> 0
H20: =SUMIF($D$2:$D$1000,G20,$E$2:$E$1000) -> 0
H21: =SUMIF($D$2:$D$1000,G21,$E$2:$E$1000) -> 0
H22: =SUMIF($D$2:$D$1000,G22,$E$2:$E$1000) -> 0
H23: =SUMIF($D$2:$D$1000,G23,$E$2:$E$1000) -> 0
H24: =SUMIF($D$2:$D$1000,G24,$E$2:$E$1000) -> 0
H25: =SUMIF($D$2:$D$1000,G25,$E$2:$E$1000) -> 0
... H151: =SUMIF($D$2:$D$1000,G151,$E$2:$E$1000) -> 0
